id,id_restourant,id_tags
1,42037,доставка
2,31421,парковка
3,35061,живая музыка
4,35061,бизнес-ланч
5,35061,спортивные трансляции
6,35061,парковка
7,30719,доставка
8,40727,бизнес-ланч
9,40727,завтрак
10,40727,кулинарные мастер-классы
11,31779,живая музыка
12,31779,спортивные трансляции
13,39677,еда навынос
14,39677,доставка
15,33916,парковка
16,40609,бизнес-ланч
17,36090,заказ кейтеринга
18,36090,бизнес-ланч
19,36090,завтрак
20,36090,доставка
21,33611,доставка
22,33611,парковка
23,35762,бизнес-ланч
24,35762,завтрак
25,31189,детское меню
26,31189,завтрак
27,31189,доставка
28,39749,парковка
29,38022,еда навынос
30,38022,за городом
31,38022,доставка
32,38022,парковка
33,37847,еда навынос
34,37847,можно с животными
35,37847,бизнес-ланч
36,37847,завтрак
37,37847,парковка
38,32918,заказ кейтеринга
39,32918,бизнес-ланч
40,32918,кальян
41,32918,спортивные трансляции
42,32918,настольные игры
43,36156,доставка
44,31449,бизнес-ланч
45,31449,спортивные трансляции
46,31449,завтрак
47,35502,бизнес-ланч
48,35630,доставка
49,41237,завтрак
50,30731,завтрак
51,37956,спортивные трансляции
52,45307,завтрак
53,42375,здесь танцуют
54,42375,за городом
55,42375,шоу-программа
56,42375,dj
57,42375,кальян
58,40043,бизнес-ланч
59,40043,доставка
60,40043,парковка
61,37493,завтрак
62,33806,за городом
63,33806,детская комната
64,33806,бизнес-ланч
65,33806,завтрак
66,33806,доставка
67,30777,панорамный вид
68,30777,ресторан у воды
69,35564,бизнес-ланч
70,35564,спортивные трансляции
71,35564,доставка
72,37981,доставка
73,42071,завтрак
74,33195,детское меню
75,33195,бизнес-ланч
76,33195,завтрак
77,33195,доставка
78,33195,парковка
79,35523,спортивные трансляции
80,35523,парковка
81,44669,завтрак
82,44669,парковка
83,42263,живая музыка
84,42263,кальян
85,42263,спортивные трансляции
86,42263,парковка
87,46068,бизнес-ланч
88,46068,доставка
89,45136,доставка
90,42881,доставка
91,38876,детское меню
92,38876,бизнес-ланч
93,38876,парковка
94,30960,парковка
95,37862,парковка
96,44613,караоке
97,44613,кабинки
98,46240,еда навынос
99,46240,доставка
100,46430,спортивные трансляции
101,45286,завтрак
102,48142,еда навынос
103,48142,завтрак
104,33360,заказ кейтеринга
105,39895,парковка
106,43082,кальян
107,43082,спортивные трансляции
108,43082,настольные игры
109,43082,парковка
110,47595,еда навынос
111,47595,бранч
112,47595,детское меню
113,47595,детская комната
114,47595,завтрак
115,46867,еда навынос
116,46867,детское меню
117,46867,детская комната
118,46867,бизнес-ланч
119,46867,завтрак
120,37886,парковка
121,30572,заказ кейтеринга
122,30572,спортивные трансляции
123,30572,доставка
124,30572,парковка
125,45325,панорамный вид
126,45325,живая музыка
127,45325,бизнес-ланч
128,45325,шоу-программа
129,45325,dj
130,41985,бранч
131,41985,живая музыка
132,33577,день святого валентина
133,33577,здесь танцуют
134,33577,живая музыка
135,33577,шоу-программа
136,33577,dj
137,42227,кальян
138,42227,настольные игры
139,40942,бизнес-ланч
140,42377,за городом
141,42377,доставка
142,30691,спортивные трансляции
143,30691,парковка
144,37126,завтрак
145,39511,завтрак
146,42402,бизнес-ланч
147,42402,завтрак
148,30710,парковка
149,39077,завтрак
150,39077,доставка
151,39256,за городом
152,39256,завтрак
153,39256,парковка
154,43201,доставка
155,30631,детская комната
156,30631,завтрак
157,30631,доставка
158,32795,детская комната
159,32795,живая музыка
160,32795,спортивные трансляции
161,32795,парковка
162,38501,заказ кейтеринга
163,32869,заказ кейтеринга
164,32869,завтрак
165,32869,парковка
166,30629,парковка
167,39847,детское меню
168,39847,караоке
169,39847,детская комната
170,39847,живая музыка
171,39847,бизнес-ланч
172,39464,доставка
173,39464,парковка
174,42039,доставка
175,44179,доставка
176,30770,заказ кейтеринга
177,30770,завтрак
178,30770,доставка
179,37109,караоке
180,37109,спортивные трансляции
181,43204,завтрак
182,43204,доставка
183,37661,завтрак
184,37661,парковка
185,30502,бизнес-ланч
186,30502,доставка
187,30502,парковка
188,30612,доставка
189,42103,за городом
190,42103,бизнес-ланч
191,42103,спортивные трансляции
192,42103,доставка
193,46905,еда навынос
194,46905,завтрак
195,31122,доставка
196,31122,парковка
197,42985,доставка
198,32728,живая музыка
199,32728,бизнес-ланч
200,32728,завтрак
201,44604,кальян
202,44604,спортивные трансляции
203,44604,настольные игры
204,44604,кабинки
205,44364,можно с животными
206,44364,завтрак
207,43531,можно с животными
208,43531,кулинарные мастер-классы
209,30711,живая музыка
210,30711,бизнес-ланч
211,30711,завтрак
212,30711,парковка
213,33990,бизнес-ланч
214,33990,парковка
215,36154,живая музыка
216,42580,бизнес-ланч
217,43040,спортивные трансляции
218,43040,настольные игры
219,43040,парковка
220,43048,караоке
221,43048,живая музыка
222,43048,бизнес-ланч
223,43048,кальян
224,43048,спортивные трансляции
225,38031,заказ кейтеринга
226,41723,бизнес-ланч
227,41723,завтрак
228,30709,парковка
229,30528,еда навынос
230,30528,доставка
231,30528,парковка
232,32605,детское меню
233,32605,живая музыка
234,32605,камин
235,32605,парковка
236,35832,доставка
237,41444,за городом
238,41444,бизнес-ланч
239,41444,завтрак
240,41444,парковка
241,30590,детские мастер-классы
242,30590,завтрак
243,30590,доставка
244,39121,за городом
245,39121,детское меню
246,39121,детская комната
247,39121,бизнес-ланч
248,44864,парковка
249,38875,караоке
250,38875,кальян
251,37291,доставка
252,37291,парковка
253,45021,бизнес-ланч
254,45021,завтрак
255,46480,бизнес-ланч
256,30594,доставка
257,30594,парковка
258,44695,завтрак
259,46241,еда навынос
260,46241,можно с животными
261,46241,доставка
262,42435,за городом
263,38333,доставка
264,46627,еда навынос
265,45379,детская комната
266,45379,парковка
267,45319,парковка
268,47181,бизнес-ланч
269,47181,доставка
270,45652,можно с животными
271,45652,доставка
272,45348,доставка
273,44356,завтрак
274,42021,бизнес-ланч
275,42021,доставка
276,42021,парковка
277,41035,живая музыка
278,41035,кальян
279,41035,доставка
280,33075,бизнес-ланч
281,33075,доставка
282,42114,за городом
283,42114,доставка
284,35498,при отеле
285,35498,караоке
286,35498,детская комната
287,35498,бизнес-ланч
288,35498,спортивные трансляции
289,35255,живая музыка
290,35255,бизнес-ланч
291,35255,спортивные трансляции
292,39970,детское меню
293,39970,парковка
294,46090,бизнес-ланч
295,46090,доставка
296,43546,кальян
297,43546,настольные игры
298,46360,за городом
299,46360,доставка
300,46360,парковка
301,47320,караоке
302,47320,настольные игры
303,46547,доставка
304,46547,ресторан у воды
305,44937,бизнес-ланч
306,44183,завтрак
307,46431,кальян
308,46431,спортивные трансляции
309,46431,камин
310,46431,парковка
311,31101,живая музыка
312,31101,бизнес-ланч
313,31101,dj
314,31101,завтрак
315,31101,своя пивоварня
316,33408,за городом
317,33408,завтрак
318,33408,парковка
319,32237,за городом
320,32237,живая музыка
321,32237,шоу-программа
322,32237,бизнес-ланч
323,32237,завтрак
324,46490,за городом
325,46490,детское меню
326,46490,караоке
327,46490,кальян
328,46490,парковка
329,30942,завтрак
330,34439,доставка
331,43234,живая музыка
332,43234,бизнес-ланч
333,43234,спортивные трансляции
334,33896,за городом
335,33896,караоке
336,33896,бизнес-ланч
337,33896,кальян
338,33896,спортивные трансляции
339,43085,dj
340,43085,кальян
341,46642,день святого валентина
342,46642,новогодний корпоратив
343,46642,панорамный вид
344,46642,караоке
345,46642,кальян
346,45774,dj
347,35590,бизнес-ланч
348,35590,кальян
349,35590,завтрак
350,35590,доставка
351,35590,парковка
352,39507,караоке
353,39507,кальян
354,39507,спортивные трансляции
355,39507,настольные игры
356,33526,за городом
357,33526,детское меню
358,33526,караоке
359,33526,спортивные трансляции
360,33526,завтрак
361,37339,за городом
362,37339,караоке
363,37339,бизнес-ланч
364,43794,караоке
365,43794,детская комната
366,43794,живая музыка
367,43794,бизнес-ланч
368,43794,кальян
369,42753,детские мастер-классы
370,42753,детское меню
371,42753,караоке
372,42753,детская комната
373,42753,живая музыка
374,31774,за городом
375,31774,завтрак
376,31774,парковка
377,43736,караоке
378,43736,кальян
379,44799,кальян
380,44799,парковка
381,42553,детское меню
382,42553,детская комната
383,42553,караоке
384,42553,живая музыка
385,42553,бизнес-ланч
386,35082,детское меню
387,35082,парковка
388,40538,здесь танцуют
389,40538,караоке
390,40538,живая музыка
391,40538,бизнес-ланч
392,40538,dj
393,47174,при отеле
394,47174,детское меню
395,30745,детские мастер-классы
396,30745,детское меню
397,30745,детская комната
398,30745,живая музыка
399,30745,бизнес-ланч
400,47445,здесь танцуют
401,47445,караоке
402,47445,живая музыка
403,47445,шоу-программа
404,47445,кабинки
405,30886,кальян
406,30886,доставка
407,41877,живая музыка
408,42443,живая музыка
409,42443,бизнес-ланч
410,42443,спортивные трансляции
411,42443,настольные игры
412,45825,еда навынос
413,45825,караоке
414,45825,шоу-программа
415,45825,кальян
416,45825,спортивные трансляции
417,46052,доставка
418,43754,dj
419,43435,живая музыка
420,43435,бизнес-ланч
421,31452,здесь танцуют
422,31452,живая музыка
423,31452,бизнес-ланч
424,31452,dj
425,31452,кальян
426,30489,детское меню
427,30489,детская комната
428,30489,доставка
429,30489,парковка
430,33346,парковка
431,46475,завтрак
432,46157,панорамный вид
433,46157,детское меню
434,46157,караоке
435,46157,детская комната
436,46157,бизнес-ланч
437,46181,бизнес-ланч
438,43916,кальян
439,43916,настольные игры
440,43916,завтрак
441,30887,живая музыка
442,30887,спортивные трансляции
443,30887,доставка
444,30887,парковка
445,39207,кальян
446,39207,спортивные трансляции
447,39207,парковка
448,39199,спортивные трансляции
449,39199,настольные игры
450,43705,здесь танцуют
451,43705,панорамный вид
452,43705,детское меню
453,43705,детская комната
454,43705,живая музыка
455,35681,бизнес-ланч
456,35681,кальян
457,35681,парковка
458,40518,детское меню
459,40518,живая музыка
460,40518,бизнес-ланч
461,40518,кальян
462,40518,спортивные трансляции
463,44391,кальян
464,44391,настольные игры
465,44881,здесь танцуют
466,44881,караоке
467,44881,шоу-программа
468,44881,dj
469,44881,кальян
470,43924,здесь танцуют
471,43924,можно с животными
472,46574,бранч
473,46574,еда навынос
474,46574,детское меню
475,46574,бизнес-ланч
476,46574,доставка
477,31297,панорамный вид
478,31297,детское меню
479,31297,бизнес-ланч
480,31297,завтрак
481,37782,караоке
482,37782,dj
483,37782,стриптиз
484,44718,бизнес-ланч
485,44718,dj
486,44718,завтрак
487,44044,кальян
488,45146,здесь танцуют
489,45146,за городом
490,45146,детское меню
491,45146,детская комната
492,45146,живая музыка
493,30591,парковка
494,30552,заказ кейтеринга
495,30552,завтрак
496,30552,доставка
497,39356,живая музыка
498,39356,бизнес-ланч
499,39356,кальян
500,39356,спортивные трансляции
501,39356,доставка
502,42482,детские мастер-классы
503,42482,живая музыка
504,42482,шоу-программа
505,42482,бизнес-ланч
506,41225,доставка
507,41225,кулинарные мастер-классы
508,43555,заказ кейтеринга
509,43555,завтрак
510,42575,бизнес-ланч
511,42575,завтрак
512,42575,доставка
513,44862,бранч
514,44862,еда навынос
515,44862,завтрак
516,44862,доставка
517,42760,детское меню
518,42760,бизнес-ланч
519,42760,спортивные трансляции
520,42760,завтрак
521,42760,камин
522,31270,детское меню
523,31270,бизнес-ланч
524,31270,спортивные трансляции
525,31270,своя пивоварня
526,31270,парковка
527,31054,детское меню
528,31054,караоке
529,31054,живая музыка
530,31054,бизнес-ланч
531,31054,кальян
532,38423,доставка
533,43476,детские мастер-классы
534,43476,детское меню
535,43476,шоу-программа
536,43476,спортивные трансляции
537,43476,доставка
538,41993,детское меню
539,41993,караоке
540,41993,живая музыка
541,41993,бизнес-ланч
542,41993,кальян
543,35976,детское меню
544,35976,живая музыка
545,35976,бизнес-ланч
546,35976,кальян
547,35976,доставка
548,40954,при отеле
549,40954,еда навынос
550,40954,доставка
551,40954,парковка
552,41057,детское меню
553,41057,детская комната
554,41057,шоу-программа
555,41057,настольные игры
556,44432,завтрак
557,44530,заказ кейтеринга
558,44530,детская комната
559,44530,бизнес-ланч
560,44530,доставка
561,35931,живая музыка
562,35931,камин
563,35931,парковка
564,31165,бизнес-ланч
565,31165,спортивные трансляции
566,31165,настольные игры
567,41021,панорамный вид
568,41021,живая музыка
569,41021,бизнес-ланч
570,41021,dj
571,41021,кальян
572,46072,живая музыка
573,46072,кальян
574,46072,спортивные трансляции
575,46072,настольные игры
576,45193,детские мастер-классы
577,45193,панорамный вид
578,45193,детское меню
579,45193,караоке
580,45193,детская комната
581,31709,шоу-программа
582,31709,бизнес-ланч
583,31709,кальян
584,31709,спортивные трансляции
585,46601,доставка
586,48568,бизнес-ланч
587,48568,завтрак
588,31324,детское меню
589,31324,бизнес-ланч
590,31324,спортивные трансляции
591,31324,завтрак
592,31324,парковка
593,44043,бизнес-ланч
594,44043,доставка
595,44043,парковка
596,31281,заказ кейтеринга
597,31281,детское меню
598,31281,детская комната
599,31281,живая музыка
600,31281,бизнес-ланч
601,31072,здесь танцуют
602,31072,живая музыка
603,31072,шоу-программа
604,31072,бизнес-ланч
605,31072,спортивные трансляции
606,39721,живая музыка
607,39721,бизнес-ланч
608,39721,доставка
609,39721,парковка
610,44947,бизнес-ланч
611,48224,детское меню
612,48224,детская комната
613,48224,бизнес-ланч
614,48224,завтрак
615,43911,dj
616,43911,завтрак
617,42421,завтрак
618,43612,детское меню
619,43612,детская комната
620,43612,бизнес-ланч
621,43612,завтрак
622,47020,dj
623,47020,парковка
624,43798,бизнес-ланч
625,43798,спортивные трансляции
626,43798,доставка
627,44776,панорамный вид
628,44776,детское меню
629,44776,детская комната
630,44776,живая музыка
631,44776,шоу-программа
632,39272,кальян
633,39272,парковка
634,46987,за городом
635,46987,живая музыка
636,46987,спортивные трансляции
637,46987,завтрак
638,46987,доставка
639,46195,караоке
640,46195,dj
641,46195,спортивные трансляции
642,46195,доставка
643,42355,завтрак
644,44537,кальян
645,46988,за городом
646,46988,живая музыка
647,46988,спортивные трансляции
648,46988,завтрак
649,46988,доставка
650,44882,здесь танцуют
651,44882,живая музыка
652,44882,бизнес-ланч
653,44882,шоу-программа
654,44882,dj
655,47929,еда навынос
656,47929,за городом
657,47929,детское меню
658,47929,бизнес-ланч
659,47929,спортивные трансляции
660,31460,детское меню
661,31460,бизнес-ланч
662,31460,завтрак
663,31460,доставка
664,31460,парковка
665,41273,кальян
666,41273,настольные игры
667,41273,парковка
668,45982,за городом
669,45982,живая музыка
670,45982,бизнес-ланч
671,45982,dj
672,43393,детское меню
673,43393,парковка
674,37474,детская комната
675,35676,бизнес-ланч
676,35676,доставка
677,35676,парковка
678,31180,детская комната
679,31180,бизнес-ланч
680,31180,завтрак
681,42374,детское меню
682,42374,караоке
683,42374,бизнес-ланч
684,42374,dj
685,42374,кальян
686,33285,панорамный вид
687,33285,детское меню
688,33285,караоке
689,33285,детская комната
690,33285,живая музыка
691,35679,детское меню
692,35679,кальян
693,35679,бильярд
694,41616,здесь танцуют
695,41616,караоке
696,41616,dj
697,41616,кальян
698,41616,спортивные трансляции
699,33717,детское меню
700,36282,детское меню
701,36282,детская комната
702,39935,за городом
703,39935,детская комната
704,39935,караоке
705,39935,бизнес-ланч
706,39935,кальян
707,42782,бизнес-ланч
708,30506,живая музыка
709,30506,бизнес-ланч
710,30506,доставка
711,30506,парковка
712,33826,детская комната
713,33826,живая музыка
714,33826,шоу-программа
715,33826,бизнес-ланч
716,33826,доставка
717,30982,живая музыка
718,30982,dj
719,30982,завтрак
720,30982,ресторан у воды
721,48066,караоке
722,48066,живая музыка
723,48066,бизнес-ланч
724,48066,доставка
725,37712,бизнес-ланч
726,37712,завтрак
727,37712,доставка
728,37712,парковка
729,34929,детское меню
730,34929,караоке
731,34929,детская комната
732,34929,живая музыка
733,34929,бизнес-ланч
734,42087,живая музыка
735,42087,бизнес-ланч
736,42087,завтрак
737,47367,заказ кейтеринга
738,47367,за городом
739,47367,детское меню
740,47367,детская комната
741,47367,доставка
742,39657,заказ кейтеринга
743,39657,доставка
744,45484,живая музыка
745,40136,живая музыка
746,40136,бизнес-ланч
747,40136,завтрак
748,37675,детские мастер-классы
749,37675,детская комната
750,37675,живая музыка
751,37675,парковка
752,46576,заказ кейтеринга
753,46576,завтрак
754,46576,доставка
755,42061,здесь танцуют
756,42061,за городом
757,42061,детское меню
758,42061,караоке
759,42061,живая музыка
760,42206,детское меню
761,42206,живая музыка
762,42206,шоу-программа
763,42206,бизнес-ланч
764,42206,парковка
765,31303,детское меню
766,31303,бизнес-ланч
767,31303,доставка
768,31303,парковка
769,33742,бизнес-ланч
770,33742,доставка
771,33742,парковка
772,37875,парковка
773,47798,детское меню
774,47798,dj
775,47798,ресторан у воды
776,41496,завтрак
777,30774,живая музыка
778,30774,бизнес-ланч
779,30774,спортивные трансляции
780,33039,здесь танцуют
781,33039,караоке
782,33039,детская комната
783,33039,живая музыка
784,33039,кальян
785,39743,детское меню
786,39743,детская комната
787,39743,караоке
788,39743,кальян
789,39743,доставка
790,39892,детские мастер-классы
791,39892,детское меню
792,39892,живая музыка
793,39892,парковка
794,37068,бизнес-ланч
795,35533,детское меню
796,35533,детская комната
797,35533,кальян
798,35533,бильярд
799,35533,завтрак
800,30738,детское меню
801,30738,живая музыка
802,30738,бизнес-ланч
803,30738,завтрак
804,44217,бизнес-ланч
805,44217,спортивные трансляции
806,44217,настольные игры
807,44217,бильярд
808,44217,завтрак
809,35709,детское меню
810,35709,бизнес-ланч
811,35709,завтрак
812,35709,доставка
813,36283,здесь танцуют
814,36283,живая музыка
815,36283,бизнес-ланч
816,36283,доставка
817,36283,парковка
818,42708,живая музыка
819,42708,шоу-программа
820,42708,dj
821,42708,кальян
822,42708,спортивные трансляции
823,30646,бизнес-ланч
824,30646,спортивные трансляции
825,30646,завтрак
826,30646,парковка
827,37004,кальян
828,37004,спортивные трансляции
829,37004,настольные игры
830,37004,кабинки
831,31239,бизнес-ланч
832,31239,спортивные трансляции
833,31239,завтрак
834,31239,доставка
835,31239,парковка
836,30891,бизнес-ланч
837,30891,доставка
838,30891,парковка
839,35685,за городом
840,35685,живая музыка
841,35685,парковка
842,44242,караоке
843,44242,живая музыка
844,44242,бизнес-ланч
845,44242,кальян
846,44242,доставка
847,45099,кальян
848,45099,спортивные трансляции
849,45099,настольные игры
850,31299,бизнес-ланч
851,31299,завтрак
852,31299,парковка
853,36118,кальян
854,36118,настольные игры
855,36118,камин
856,36118,парковка
857,31035,парковка
858,30746,доставка
859,39806,парковка
860,33230,бизнес-ланч
861,33230,парковка
862,46190,заказ кейтеринга
863,46190,бизнес-ланч
864,46190,доставка
865,46190,ресторан у воды
866,38859,бассейн
867,38859,бизнес-ланч
868,38859,парковка
869,31210,детское меню
870,31210,детская комната
871,31210,бизнес-ланч
872,31210,завтрак
873,31210,парковка
874,37872,панорамный вид
875,37872,детское меню
876,37872,парковка
877,31401,бизнес-ланч
878,31401,спортивные трансляции
879,31401,завтрак
880,34819,здесь танцуют
881,34819,детское меню
882,34819,детская комната
883,34819,караоке
884,34819,живая музыка
885,31593,еда навынос
886,31593,доставка
887,31593,парковка
888,44092,при отеле
889,44092,детское меню
890,44092,бизнес-ланч
891,44092,спортивные трансляции
892,44092,парковка
893,41173,караоке
894,41173,бизнес-ланч
895,41173,спортивные трансляции
896,41173,завтрак
897,41173,парковка
898,35752,живая музыка
899,35752,спортивные трансляции
900,34658,спортивные трансляции
901,34658,парковка
902,43244,детское меню
903,43244,детская комната
904,30909,завтрак
905,30909,парковка
906,35749,здесь танцуют
907,35749,караоке
908,35749,бизнес-ланч
909,35749,dj
910,35749,спортивные трансляции
911,39103,бизнес-ланч
912,39103,спортивные трансляции
913,39103,завтрак
914,39103,парковка
915,43667,заказ кейтеринга
916,43667,кальян
917,43667,настольные игры
918,35516,за городом
919,35516,живая музыка
920,35516,боулинг
921,35516,камин
922,35516,парковка
923,36191,кальян
924,36191,доставка
925,36226,заказ кейтеринга
926,36226,завтрак
927,36226,доставка
928,30618,спортивные трансляции
929,30618,доставка
930,30618,парковка
931,44348,детские мастер-классы
932,44348,еда навынос
933,44348,панорамный вид
934,44348,детское меню
935,44348,детская комната
936,38018,детское меню
937,38018,живая музыка
938,38018,бизнес-ланч
939,38018,кальян
940,38018,завтрак
941,45651,бизнес-ланч
942,45651,спортивные трансляции
943,45651,парковка
944,40993,детское меню
945,40993,детская комната
946,40993,бизнес-ланч
947,40993,завтрак
948,36070,бизнес-ланч
949,36070,кальян
950,36070,спортивные трансляции
951,36070,настольные игры
952,30564,завтрак
953,30564,доставка
954,30564,парковка
955,32340,за городом
956,32340,бизнес-ланч
957,32340,кальян
958,32340,спортивные трансляции
959,32340,настольные игры
960,46275,бизнес-ланч
961,46275,кальян
962,46275,спортивные трансляции
963,46275,настольные игры
964,46275,завтрак
965,32742,здесь танцуют
966,32742,еда навынос
967,32742,кальян
968,32742,спортивные трансляции
969,32742,доставка
970,47695,панорамный вид
971,47695,детское меню
972,47695,детская комната
973,47695,живая музыка
974,47695,шоу-программа
975,31533,доставка
976,43425,здесь танцуют
977,43425,живая музыка
978,43425,шоу-программа
979,43425,dj
980,43425,кальян
981,43335,бранч
982,43335,бизнес-ланч
983,43335,завтрак
984,31061,детское меню
985,46765,детское меню
986,46765,детская комната
987,45108,живая музыка
988,45108,шоу-программа
989,45108,бизнес-ланч
990,45108,парковка
991,45291,панорамный вид
992,45291,бизнес-ланч
993,45291,кальян
994,45291,парковка
995,43922,детское меню
996,43922,шоу-программа
997,43922,dj
998,43922,кальян
999,43922,доставка
1000,48185,живая музыка
1001,48185,шоу-программа
1002,48185,доставка
1003,42875,день святого валентина
1004,42875,здесь танцуют
1005,42875,караоке
1006,42875,живая музыка
1007,42875,шоу-программа
1008,43127,новогодний корпоратив
1009,43127,детское меню
1010,43127,доставка
1011,34396,новогодний корпоратив
1012,34396,живая музыка
1013,34396,бизнес-ланч
1014,34396,спортивные трансляции
1015,34396,парковка
1016,43823,день святого валентина
1017,43823,можно с животными
1018,43823,завтрак
1019,43823,доставка
1020,48492,новогодний корпоратив
1021,48492,еда навынос
1022,48492,сборный корпоратив
1023,48492,караоке
1024,48492,шоу-программа
1025,34555,новогодний корпоратив
1026,34555,еда навынос
1027,34555,сборный корпоратив
1028,34555,панорамный вид
1029,34555,бизнес-ланч
1030,43596,новогодний корпоратив
1031,43596,сборный корпоратив
1032,43596,караоке
1033,43596,кальян
1034,43596,завтрак
1035,33565,новогодний корпоратив
1036,33565,детское меню
1037,33565,спортивные трансляции
1038,33565,завтрак
1039,33565,парковка
1040,42669,день святого валентина
1041,42669,dj
1042,42669,кулинарные мастер-классы
1043,42669,парковка
1044,47625,новогодний корпоратив
1045,47625,можно со своей едой
1046,47625,сборный корпоратив
1047,47625,панорамный вид
1048,47625,настольные игры
1049,47697,новогодний корпоратив
1050,47697,детское меню
1051,47697,детская комната
1052,47697,завтрак
1053,47697,доставка
1054,42795,новогодний корпоратив
1055,42795,день святого валентина
1056,42795,панорамный вид
1057,42795,детское меню
1058,42795,живая музыка
1059,32616,новогодний корпоратив
1060,32616,еда навынос
1061,32616,сборный корпоратив
1062,32616,детское меню
1063,32616,детская комната
1064,44846,новогодний корпоратив
1065,44846,заказ кейтеринга
1066,44846,еда навынос
1067,44846,панорамный вид
1068,44846,детское меню
1069,44151,новогодний корпоратив
1070,44151,кальян
1071,44151,настольные игры
1072,44151,парковка
1073,31957,новогодний корпоратив
1074,31957,еда навынос
1075,31957,детское меню
1076,31957,караоке
1077,31957,детская комната
1078,47648,новогодний корпоратив
1079,47648,панорамный вид
1080,47648,парковка
1081,47708,новогодний корпоратив
1082,47708,панорамный вид
1083,47708,детское меню
1084,47708,детская комната
1085,47708,живая музыка
1086,33095,новогодний корпоратив
1087,33095,детское меню
1088,33095,караоке
1089,33095,детская комната
1090,33095,живая музыка
1091,38017,новогодний корпоратив
1092,38017,детское меню
1093,38017,детская комната
1094,38017,караоке
1095,38017,живая музыка
1096,44847,новогодний корпоратив
1097,44847,детское меню
1098,44847,караоке
1099,44847,детская комната
1100,44847,живая музыка
1101,45166,новогодний корпоратив
1102,45166,заказ кейтеринга
1103,45166,еда навынос
1104,45166,день святого валентина
1105,45166,здесь танцуют
1106,46711,панорамный вид
1107,46711,караоке
1108,46711,кальян
1109,46711,настольные игры
1110,46711,кабинки
1111,47834,новогодний корпоратив
1112,47834,здесь танцуют
1113,47834,караоке
1114,47834,живая музыка
1115,47834,шоу-программа
1116,38506,новогодний корпоратив
1117,38506,живая музыка
1118,38506,шоу-программа
1119,38506,бизнес-ланч
1120,38506,доставка
1121,44940,бизнес-ланч
1122,44940,завтрак
1123,44940,доставка
1124,43887,детские мастер-классы
1125,43887,детское меню
1126,43887,детская комната
1127,43887,живая музыка
1128,43887,шоу-программа
1129,45603,новогодний корпоратив
1130,45603,еда навынос
1131,45603,бизнес-ланч
1132,45603,доставка
1133,48163,здесь танцуют
1134,48163,панорамный вид
1135,48163,живая музыка
1136,48163,шоу-программа
1137,48163,dj
1138,47497,бизнес-ланч
1139,47497,завтрак
1140,46991,здесь танцуют
1141,46991,караоке
1142,46991,живая музыка
1143,46991,dj
1144,46991,кабинки
1145,43982,бизнес-ланч
1146,43982,кальян
1147,43982,доставка
1148,43982,парковка
1149,37753,здесь танцуют
1150,37753,живая музыка
1151,37753,бизнес-ланч
1152,37753,шоу-программа
1153,37753,dj
1154,36168,детское меню
1155,36168,бизнес-ланч
1156,36168,настольные игры
1157,36168,завтрак
1158,36168,доставка
1159,41970,при отеле
1160,41970,панорамный вид
1161,42214,здесь танцуют
1162,42214,караоке
1163,42214,dj
1164,42214,кальян
1165,42382,за городом
1166,42382,dj
1167,32467,доставка
1168,32467,парковка
1169,42221,детское меню
1170,42221,детская комната
1171,42221,живая музыка
1172,42221,бизнес-ланч
1173,42221,шоу-программа
1174,32376,за городом
1175,32376,парковка
1176,40479,парковка
1177,33517,детское меню
1178,33517,бизнес-ланч
1179,33517,доставка
1180,33517,парковка
1181,42365,здесь танцуют
1182,42365,dj
1183,30530,детское меню
1184,30530,детская комната
1185,30530,завтрак
1186,30530,доставка
1187,30530,парковка
1188,35473,за городом
1189,35473,детское меню
1190,35473,детская комната
1191,35473,живая музыка
1192,35473,парковка
1193,30952,живая музыка
1194,30952,бизнес-ланч
1195,30952,спортивные трансляции
1196,30952,завтрак
1197,30952,доставка
1198,38803,детское меню
1199,38803,детская комната
1200,38803,парковка
1201,33584,живая музыка
1202,33584,бизнес-ланч
1203,33584,спортивные трансляции
1204,33584,завтрак
1205,36074,детское меню
1206,36074,детская комната
1207,36074,живая музыка
1208,36074,бизнес-ланч
1209,36074,шоу-программа
1210,30527,детское меню
1211,30527,спортивные трансляции
1212,35616,живая музыка
1213,35616,бизнес-ланч
1214,35616,спортивные трансляции
1215,30648,живая музыка
1216,30648,бизнес-ланч
1217,30648,спортивные трансляции
1218,31207,доставка
1219,31207,парковка
1220,35893,доставка
1221,38871,за городом
1222,38871,детское меню
1223,38871,детская комната
1224,38871,живая музыка
1225,38871,бизнес-ланч
1226,34640,кальян
1227,34640,настольные игры
1228,34640,парковка
1229,33246,бизнес-ланч
1230,33081,детское меню
1231,33081,детская комната
1232,33081,бизнес-ланч
1233,33081,завтрак
1234,33081,парковка
1235,33841,бизнес-ланч
1236,33841,спортивные трансляции
1237,33841,завтрак
1238,33841,парковка
1239,31092,здесь танцуют
1240,31092,караоке
1241,31092,живая музыка
1242,31092,бизнес-ланч
1243,31092,dj
1244,33786,за городом
1245,33786,кальян
1246,33845,доставка
1247,35990,при отеле
1248,35990,бизнес-ланч
1249,35990,завтрак
1250,35990,доставка
1251,33971,бизнес-ланч
1252,33971,спортивные трансляции
1253,32224,караоке
1254,32224,детская комната
1255,32224,живая музыка
1256,32224,ресторан у воды
1257,41693,детские мастер-классы
1258,41693,детское меню
1259,41693,детская комната
1260,41693,завтрак
1261,41693,парковка
1262,33365,детская комната
1263,33365,живая музыка
1264,33365,кальян
1265,33365,завтрак
1266,33365,доставка
1267,42178,караоке
1268,42178,живая музыка
1269,42178,бизнес-ланч
1270,42178,dj
1271,42178,кальян
1272,42433,здесь танцуют
1273,42433,живая музыка
1274,42433,бизнес-ланч
1275,42433,dj
1276,42433,спортивные трансляции
1277,31033,караоке
1278,31033,детская комната
1279,31033,живая музыка
1280,31033,бизнес-ланч
1281,31033,кальян
1282,34056,детское меню
1283,34056,доставка
1284,31758,бизнес-ланч
1285,31758,кальян
1286,31758,завтрак
1287,31758,доставка
1288,32985,живая музыка
1289,32985,бизнес-ланч
1290,32985,кальян
1291,32985,спортивные трансляции
1292,32985,завтрак
1293,39486,бизнес-ланч
1294,39486,dj
1295,39486,кальян
1296,39486,настольные игры
1297,39486,парковка
1298,46750,еда навынос
1299,46750,доставка
1300,41966,здесь танцуют
1301,41966,караоке
1302,41966,кальян
1303,31532,заказ кейтеринга
1304,31532,детское меню
1305,31532,завтрак
1306,31532,доставка
1307,31532,камин
1308,31743,доставка
1309,31000,живая музыка
1310,31000,бизнес-ланч
1311,31000,спортивные трансляции
1312,31000,завтрак
1313,37498,детское меню
1314,37498,детская комната
1315,37498,бизнес-ланч
1316,37498,доставка
1317,40997,еда навынос
1318,40997,здесь танцуют
1319,40997,детское меню
1320,40997,завтрак
1321,40997,доставка
1322,43688,кальян
1323,43688,настольные игры
1324,31353,детское меню
1325,31353,караоке
1326,31353,бизнес-ланч
1327,31353,спортивные трансляции
1328,31353,завтрак
1329,40064,детское меню
1330,40064,детская комната
1331,40064,живая музыка
1332,40064,кальян
1333,40064,спортивные трансляции
1334,41719,доставка
1335,31420,живая музыка
1336,31420,спортивные трансляции
1337,31420,настольные игры
1338,31420,ресторан у воды
1339,31420,парковка
1340,38716,при отеле
1341,38716,кальян
1342,38716,парковка
1343,40298,живая музыка
1344,40298,бизнес-ланч
1345,45383,заказ кейтеринга
1346,45383,детское меню
1347,45383,завтрак
1348,45383,доставка
1349,45383,парковка
1350,32696,детское меню
1351,32696,караоке
1352,32696,живая музыка
1353,32696,бизнес-ланч
1354,32696,спортивные трансляции
1355,33623,при отеле
1356,33623,живая музыка
1357,33623,спортивные трансляции
1358,30675,детское меню
1359,30675,караоке
1360,30675,детская комната
1361,30675,завтрак
1362,42455,детское меню
1363,42455,караоке
1364,42455,бизнес-ланч
1365,42455,спортивные трансляции
1366,42455,завтрак
1367,44404,детское меню
1368,44404,живая музыка
1369,44404,бизнес-ланч
1370,44404,завтрак
1371,44404,доставка
1372,31406,парковка
1373,46708,детское меню
1374,46708,детская комната
1375,46708,бизнес-ланч
1376,46708,спортивные трансляции
1377,46708,завтрак
1378,31301,бизнес-ланч
1379,31301,кальян
1380,31301,спортивные трансляции
1381,31301,доставка
1382,36723,доставка
1383,42180,доставка
1384,30529,детское меню
1385,30529,бизнес-ланч
1386,30529,завтрак
1387,41927,здесь танцуют
1388,41927,живая музыка
1389,41927,бизнес-ланч
1390,41927,спортивные трансляции
1391,41927,завтрак
1392,31662,кабинки
1393,31662,парковка
1394,41475,здесь танцуют
1395,41475,бизнес-ланч
1396,41475,парковка
1397,31020,бизнес-ланч
1398,31020,спортивные трансляции
1399,31020,парковка
1400,37108,детское меню
1401,37108,бизнес-ланч
1402,37108,доставка
1403,38826,кальян
1404,41405,детские мастер-классы
1405,41405,детское меню
1406,41405,детская комната
1407,41405,парковка
1408,31051,заказ кейтеринга
1409,31051,доставка
1410,32456,кальян
1411,32456,настольные игры
1412,32456,доставка
1413,32456,камин
1414,32456,парковка
1415,41694,за городом
1416,41694,живая музыка
1417,41694,бизнес-ланч
1418,41694,доставка
1419,41618,живая музыка
1420,31727,детское меню
1421,30558,бизнес-ланч
1422,30558,завтрак
1423,30558,доставка
1424,30558,парковка
1425,34193,за городом
1426,34193,доставка
1427,34193,своя пивоварня
1428,34193,парковка
1429,31279,живая музыка
1430,31279,спортивные трансляции
1431,31052,здесь танцуют
1432,31052,бизнес-ланч
1433,31052,dj
1434,31052,завтрак
1435,31653,живая музыка
1436,31653,спортивные трансляции
1437,31653,бильярд
1438,36091,за городом
1439,36091,детское меню
1440,36091,караоке
1441,36091,живая музыка
1442,36091,бизнес-ланч
1443,35786,живая музыка
1444,35786,спортивные трансляции
1445,35786,доставка
1446,35786,парковка
1447,42957,здесь танцуют
1448,42957,живая музыка
1449,42957,бизнес-ланч
1450,42957,шоу-программа
1451,42957,спортивные трансляции
1452,42329,живая музыка
1453,42329,dj
1454,42329,кальян
1455,42329,спортивные трансляции
1456,34047,за городом
1457,35438,за городом
1458,35438,кальян
1459,35438,завтрак
1460,35438,доставка
1461,35438,парковка
1462,30712,детское меню
1463,30712,бизнес-ланч
1464,30712,доставка
1465,43015,доставка
1466,41812,здесь танцуют
1467,41812,dj
1468,41812,кальян
1469,30835,живая музыка
1470,30835,доставка
1471,30835,парковка
1472,32580,спортивные трансляции
1473,32580,доставка
1474,41090,здесь танцуют
1475,41090,живая музыка
1476,41090,парковка
1477,30532,завтрак
1478,30532,доставка
1479,30532,парковка
1480,37676,при отеле
1481,37676,доставка
1482,37676,парковка
1483,37082,завтрак
1484,38842,здесь танцуют
1485,38842,детское меню
1486,38842,караоке
1487,38842,детская комната
1488,38842,живая музыка
1489,41206,караоке
1490,41206,живая музыка
1491,41206,бизнес-ланч
1492,41206,кальян
1493,42378,за городом
1494,42378,dj
1495,42378,доставка
1496,33981,доставка
1497,33981,парковка
1498,31454,парковка
1499,30622,живая музыка
1500,30622,бизнес-ланч
1501,30622,спортивные трансляции
1502,39894,караоке
1503,39894,живая музыка
1504,39894,бизнес-ланч
1505,39894,спортивные трансляции
1506,39894,парковка
1507,31491,живая музыка
1508,31491,бизнес-ланч
1509,31491,спортивные трансляции
1510,31491,парковка
1511,42204,детское меню
1512,42204,живая музыка
1513,42204,бизнес-ланч
1514,42204,спортивные трансляции
1515,44936,еда навынос
1516,44936,здесь танцуют
1517,44936,караоке
1518,44936,живая музыка
1519,44936,бизнес-ланч
1520,41493,живая музыка
1521,41493,бизнес-ланч
1522,41493,доставка
1523,41493,парковка
1524,35336,за городом
1525,35336,детское меню
1526,35336,парковка
1527,34722,за городом
1528,34722,детское меню
1529,34722,кальян
1530,34722,доставка
1531,34722,парковка
1532,35501,здесь танцуют
1533,35501,бизнес-ланч
1534,32669,детское меню
1535,32669,детская комната
1536,32669,живая музыка
1537,32669,спортивные трансляции
1538,32669,парковка
1539,34017,детская комната
1540,34017,живая музыка
1541,34017,бизнес-ланч
1542,34017,спортивные трансляции
1543,34017,настольные игры
1544,42335,здесь танцуют
1545,42335,dj
1546,42335,кальян
1547,37750,живая музыка
1548,37750,бизнес-ланч
1549,37750,своя пивоварня
1550,37750,парковка
1551,31127,бизнес-ланч
1552,31127,кальян
1553,31127,завтрак
1554,31127,доставка
1555,42364,здесь танцуют
1556,42364,караоке
1557,42364,dj
1558,30776,живая музыка
1559,30776,бизнес-ланч
1560,30776,завтрак
1561,30776,парковка
1562,35232,детские мастер-классы
1563,35232,детское меню
1564,35232,детская комната
1565,35232,бизнес-ланч
1566,35232,доставка
1567,43493,еда навынос
1568,43493,можно с животными
1569,43493,завтрак
1570,43493,доставка
1571,30881,заказ кейтеринга
1572,30881,спортивные трансляции
1573,30881,завтрак
1574,30881,доставка
1575,42101,здесь танцуют
1576,42101,за городом
1577,42101,караоке
1578,42101,живая музыка
1579,42101,dj
1580,32149,караоке
1581,32149,живая музыка
1582,41308,своя пивоварня
1583,41308,парковка
1584,34049,детское меню
1585,34049,караоке
1586,34049,живая музыка
1587,34049,бизнес-ланч
1588,34049,кальян
1589,46784,кальян
1590,46784,спортивные трансляции
1591,46784,настольные игры
1592,36201,детское меню
1593,36201,живая музыка
1594,36201,бизнес-ланч
1595,36201,кальян
1596,36201,спортивные трансляции
1597,32820,детское меню
1598,32820,караоке
1599,32820,живая музыка
1600,32820,бизнес-ланч
1601,32820,кальян
1602,40902,панорамный вид
1603,33606,бизнес-ланч
1604,33606,кальян
1605,33606,завтрак
1606,33606,доставка
1607,33606,парковка
1608,34847,за городом
1609,34847,парковка
1610,34512,за городом
1611,34512,детское меню
1612,34512,детская комната
1613,34512,живая музыка
1614,34512,бизнес-ланч
1615,42102,живая музыка
1616,37614,за городом
1617,37614,живая музыка
1618,37614,камин
1619,35277,детское меню
1620,35277,детская комната
1621,35277,бизнес-ланч
1622,35277,спортивные трансляции
1623,35277,доставка
1624,39389,живая музыка
1625,39389,кальян
1626,39465,бранч
1627,39465,завтрак
1628,39465,кулинарные мастер-классы
1629,39465,парковка
1630,30775,бизнес-ланч
1631,30775,спортивные трансляции
1632,30775,завтрак
1633,37919,бранч
1634,37919,заказ кейтеринга
1635,30940,детское меню
1636,30940,бизнес-ланч
1637,30940,кальян
1638,30940,доставка
1639,30940,парковка
1640,36122,за городом
1641,31057,караоке
1642,31057,бизнес-ланч
1643,31057,кальян
1644,38455,настольные игры
1645,38455,доставка
1646,38455,парковка
1647,39163,бизнес-ланч
1648,39163,доставка
1649,39163,парковка
1650,41145,здесь танцуют
1651,41145,живая музыка
1652,41145,бизнес-ланч
1653,41145,кальян
1654,41145,спортивные трансляции
1655,31600,детское меню
1656,31600,живая музыка
1657,31600,бизнес-ланч
1658,31600,спортивные трансляции
1659,31600,завтрак
1660,41735,бизнес-ланч
1661,41735,доставка
1662,35953,детские мастер-классы
1663,35953,детская комната
1664,35953,кальян
1665,37081,за городом
1666,37081,детское меню
1667,37081,живая музыка
1668,37081,бизнес-ланч
1669,37081,завтрак
1670,32172,за городом
1671,32172,живая музыка
1672,32172,бизнес-ланч
1673,32172,спортивные трансляции
1674,32172,доставка
1675,34031,за городом
1676,34031,доставка
1677,34031,парковка
1678,35120,бизнес-ланч
1679,35120,спортивные трансляции
1680,35120,парковка
1681,40228,кальян
1682,40228,спортивные трансляции
1683,40228,настольные игры
1684,40228,парковка
1685,30657,детское меню
1686,30657,доставка
1687,30657,парковка
1688,38785,бизнес-ланч
1689,38785,спортивные трансляции
1690,38785,настольные игры
1691,38785,камин
1692,38785,парковка
1693,30880,караоке
1694,30768,живая музыка
1695,30768,бизнес-ланч
1696,30768,спортивные трансляции
1697,30768,завтрак
1698,30634,бизнес-ланч
1699,30634,доставка
1700,32768,бизнес-ланч
1701,32768,кальян
1702,32768,парковка
1703,30550,доставка
1704,40376,бизнес-ланч
1705,40376,dj
1706,40376,парковка
1707,31497,детское меню
1708,31497,живая музыка
1709,31497,бизнес-ланч
1710,31497,завтрак
1711,31497,парковка
1712,40223,за городом
1713,40223,детское меню
1714,40223,караоке
1715,40223,детская комната
1716,40223,живая музыка
1717,37883,бизнес-ланч
1718,37883,завтрак
1719,43303,при отеле
1720,43303,живая музыка
1721,43303,завтрак
1722,42627,детское меню
1723,42627,детская комната
1724,42627,живая музыка
1725,42627,бизнес-ланч
1726,42627,шоу-программа
1727,32538,парковка
1728,30544,бизнес-ланч
1729,30544,парковка
1730,42357,панорамный вид
1731,42357,бизнес-ланч
1732,42357,кальян
1733,42357,спортивные трансляции
1734,42357,настольные игры
1735,31388,живая музыка
1736,31388,бизнес-ланч
1737,31388,спортивные трансляции
1738,31388,завтрак
1739,31388,парковка
1740,33959,детское меню
1741,33959,караоке
1742,33959,живая музыка
1743,33959,шоу-программа
1744,33959,кальян
1745,41601,заказ кейтеринга
1746,41601,dj
1747,41601,спортивные трансляции
1748,38270,завтрак
1749,38270,парковка
1750,31254,живая музыка
1751,31254,бизнес-ланч
1752,31254,завтрак
1753,31482,парковка
1754,41851,детское меню
1755,41851,живая музыка
1756,41851,шоу-программа
1757,41851,спортивные трансляции
1758,41851,завтрак
1759,34635,бизнес-ланч
1760,34635,спортивные трансляции
1761,34635,завтрак
1762,34635,доставка
1763,34635,парковка
1764,30547,можно с животными
1765,30547,детское меню
1766,30547,доставка
1767,32561,спортивные трансляции
1768,32561,доставка
1769,37873,парковка
1770,30833,парковка
1771,39557,заказ кейтеринга
1772,39557,детское меню
1773,39557,детская комната
1774,39557,бизнес-ланч
1775,39557,спортивные трансляции
1776,44682,живая музыка
1777,44682,кальян
1778,44682,спортивные трансляции
1779,44682,парковка
1780,44419,живая музыка
1781,44419,шоу-программа
1782,44419,бизнес-ланч
1783,31478,здесь живут котики
1784,31478,бизнес-ланч
1785,31478,спортивные трансляции
1786,31478,завтрак
1787,31478,доставка
1788,43158,за городом
1789,43158,детское меню
1790,43158,живая музыка
1791,43158,бизнес-ланч
1792,43158,кальян
1793,37690,парковка
1794,33979,кальян
1795,39739,здесь танцуют
1796,39739,dj
1797,39739,камин
1798,37891,парковка
1799,38855,детское меню
1800,38855,парковка
1801,39438,караоке
1802,39438,живая музыка
1803,40984,своя пивоварня
1804,31145,бизнес-ланч
1805,31145,dj
1806,31145,спортивные трансляции
1807,31145,завтрак
1808,31145,парковка
1809,31278,бизнес-ланч
1810,31278,доставка
1811,30802,живая музыка
1812,30802,бизнес-ланч
1813,30802,спортивные трансляции
1814,30802,завтрак
1815,30802,парковка
1816,43049,завтрак
1817,43423,детское меню
1818,43423,завтрак
1819,35611,за городом
1820,35611,доставка
1821,41610,здесь танцуют
1822,41610,живая музыка
1823,41610,бизнес-ланч
1824,41610,dj
1825,41610,спортивные трансляции
1826,31719,кальян
1827,31719,своя пивоварня
1828,31719,парковка
1829,31509,детское меню
1830,31509,караоке
1831,31509,бизнес-ланч
1832,31509,спортивные трансляции
1833,33716,кальян
1834,31525,доставка
1835,31525,парковка
1836,35083,детские мастер-классы
1837,35083,детское меню
1838,35083,детская комната
1839,35083,бизнес-ланч
1840,35083,завтрак
1841,37020,завтрак
1842,44240,можно с животными
1843,42314,завтрак
1844,42314,доставка
1845,39429,парковка
1846,44083,доставка
1847,40231,здесь танцуют
1848,40231,бизнес-ланч
1849,40231,dj
1850,40231,завтрак
1851,40231,парковка
1852,40637,бизнес-ланч
1853,40637,спортивные трансляции
1854,40637,парковка
1855,41810,бизнес-ланч
1856,41810,dj
1857,42707,бизнес-ланч
1858,42707,dj
1859,42707,завтрак
1860,42707,доставка
1861,43030,за городом
1862,43030,доставка
1863,42809,кальян
1864,42809,спортивные трансляции
1865,42809,настольные игры
1866,42809,парковка
1867,46129,детская комната
1868,46129,завтрак
1869,46129,доставка
1870,46129,парковка
1871,31163,детское меню
1872,31163,бизнес-ланч
1873,31163,доставка
1874,43547,парковка
1875,32195,детская комната
1876,32195,бизнес-ланч
1877,32195,спортивные трансляции
1878,32195,завтрак
1879,32195,парковка
1880,31875,доставка
1881,31875,парковка
1882,32506,доставка
1883,34155,доставка
1884,34155,парковка
1885,41755,заказ кейтеринга
1886,41755,dj
1887,41755,доставка
1888,41755,парковка
1889,44135,бизнес-ланч
1890,44135,кальян
1891,44135,доставка
1892,44135,парковка
1893,45564,бизнес-ланч
1894,45564,кальян
1895,42764,здесь танцуют
1896,42764,за городом
1897,42764,панорамный вид
1898,42764,детское меню
1899,42764,караоке
1900,31620,караоке
1901,31620,бизнес-ланч
1902,31620,спортивные трансляции
1903,31620,настольные игры
1904,31620,бильярд
1905,34429,за городом
1906,34429,доставка
1907,30488,бизнес-ланч
1908,30488,спортивные трансляции
1909,40532,караоке
1910,40532,бизнес-ланч
1911,40532,dj
1912,40532,кальян
1913,40532,спортивные трансляции
1914,33939,за городом
1915,33939,детское меню
1916,33939,живая музыка
1917,33939,кальян
1918,33939,спортивные трансляции
1919,39497,за городом
1920,39497,живая музыка
1921,39497,спортивные трансляции
1922,39497,парковка
1923,36907,здесь танцуют
1924,36907,dj
1925,36907,кальян
1926,31895,караоке
1927,31895,живая музыка
1928,31895,спортивные трансляции
1929,31895,доставка
1930,31895,парковка
1931,33812,живая музыка
1932,33812,доставка
1933,32617,живая музыка
1934,32617,доставка
1935,32617,парковка
1936,33712,детские мастер-классы
1937,33712,бизнес-ланч
1938,33712,спортивные трансляции
1939,33712,доставка
1940,33712,парковка
1941,41688,за городом
1942,41688,детское меню
1943,41688,живая музыка
1944,41688,бизнес-ланч
1945,41688,завтрак
1946,35812,бизнес-ланч
1947,35812,спортивные трансляции
1948,35812,парковка
1949,34207,парковка
1950,31535,детское меню
1951,31535,детская комната
1952,31535,живая музыка
1953,31535,шоу-программа
1954,31535,кальян
1955,33227,караоке
1956,33227,бизнес-ланч
1957,33227,кальян
1958,33227,доставка
1959,36097,здесь танцуют
1960,36097,детское меню
1961,36097,караоке
1962,36097,живая музыка
1963,36097,шоу-программа
1964,31319,детское меню
1965,31319,спортивные трансляции
1966,42895,детское меню
1967,42895,детская комната
1968,42895,завтрак
1969,34015,доставка
1970,31289,детское меню
1971,31289,бизнес-ланч
1972,31289,доставка
1973,31289,парковка
1974,39809,караоке
1975,39809,живая музыка
1976,39809,бизнес-ланч
1977,39809,доставка
1978,39809,парковка
1979,34082,здесь танцуют
1980,34082,бизнес-ланч
1981,34082,парковка
1982,31013,бизнес-ланч
1983,31013,доставка
1984,31013,парковка
1985,34210,доставка
1986,31560,живая музыка
1987,31560,бизнес-ланч
1988,31560,спортивные трансляции
1989,31560,завтрак
1990,31560,парковка
1991,31732,шоу-программа
1992,31732,бизнес-ланч
1993,31732,спортивные трансляции
1994,31732,завтрак
1995,31732,доставка
1996,30980,бизнес-ланч
1997,30980,спортивные трансляции
1998,39304,караоке
1999,39304,живая музыка
2000,39304,бизнес-ланч
2001,39304,кабинки
2002,39304,парковка
2003,40159,детское меню
2004,40159,караоке
2005,40159,детская комната
2006,40159,живая музыка
2007,40159,бизнес-ланч
2008,41965,здесь танцуют
2009,41965,караоке
2010,42022,детская комната
2011,42022,живая музыка
2012,42022,кальян
2013,42022,спортивные трансляции
2014,42022,завтрак
2015,38169,бранч
2016,30523,доставка
2017,30523,парковка
2018,46108,еда навынос
2019,46108,детское меню
2020,46108,детская комната
2021,46108,живая музыка
2022,46108,бизнес-ланч
2023,46571,завтрак
2024,46571,доставка
2025,30829,бизнес-ланч
2026,30829,спортивные трансляции
2027,31021,при отеле
2028,31021,живая музыка
2029,31021,бизнес-ланч
2030,31021,шоу-программа
2031,31021,завтрак
2032,42883,живая музыка
2033,42883,dj
2034,31024,dj
2035,31024,кальян
2036,31024,спортивные трансляции
2037,31024,доставка
2038,31024,парковка
2039,31133,живая музыка
2040,31133,спортивные трансляции
2041,31133,доставка
2042,31133,парковка
2043,30509,здесь танцуют
2044,30509,dj
2045,30676,парковка
2046,30498,доставка
2047,30498,парковка
2048,37730,караоке
2049,37730,бизнес-ланч
2050,37730,боулинг
2051,37730,бильярд
2052,37730,доставка
2053,31194,за городом
2054,31194,живая музыка
2055,31194,спортивные трансляции
2056,31194,завтрак
2057,31194,доставка
2058,30606,завтрак
2059,40917,здесь танцуют
2060,40917,живая музыка
2061,40917,бизнес-ланч
2062,40917,шоу-программа
2063,40917,кальян
2064,30496,доставка
2065,30496,камин
2066,30496,парковка
2067,34935,камин
2068,34935,парковка
2069,31436,детское меню
2070,31436,кальян
2071,31436,парковка
2072,37569,за городом
2073,37569,караоке
2074,37569,живая музыка
2075,37569,шоу-программа
2076,37569,кальян
2077,31307,детское меню
2078,31307,детская комната
2079,31307,бизнес-ланч
2080,31307,завтрак
2081,31307,парковка
2082,31112,завтрак
2083,31112,парковка
2084,30682,детское меню
2085,30682,доставка
2086,30682,парковка
2087,31236,живая музыка
2088,31236,спортивные трансляции
2089,31236,парковка
2090,34530,панорамный вид
2091,34530,детское меню
2092,34530,живая музыка
2093,34530,бизнес-ланч
2094,34530,парковка
2095,34609,кальян
2096,34609,доставка
2097,31060,бранч
2098,31060,доставка
2099,31060,парковка
2100,35103,детское меню
2101,35103,детская комната
2102,35103,доставка
2103,31078,панорамный вид
2104,31078,ресторан у воды
2105,39322,за городом
2106,39322,детское меню
2107,39322,шоу-программа
2108,39322,dj
2109,39322,завтрак
2110,30487,детское меню
2111,30487,бизнес-ланч
2112,30487,завтрак
2113,30487,парковка
2114,30632,бизнес-ланч
2115,30632,спортивные трансляции
2116,30632,завтрак
2117,30632,парковка
2118,30596,доставка
2119,30596,парковка
2120,30751,детское меню
2121,30751,бизнес-ланч
2122,30751,завтрак
2123,30751,парковка
2124,30647,бизнес-ланч
2125,30647,парковка
2126,30515,бизнес-ланч
2127,30515,спортивные трансляции
2128,30515,парковка
2129,30934,парковка
2130,32170,бизнес-ланч
2131,32170,кальян
2132,32170,спортивные трансляции
2133,32170,завтрак
2134,32170,доставка
2135,31841,за городом
2136,31841,доставка
2137,31841,ресторан у воды
2138,30599,детское меню
2139,30599,живая музыка
2140,30599,спортивные трансляции
2141,30599,доставка
2142,30599,парковка
2143,37750,живая музыка
2144,37750,бизнес-ланч
2145,37750,своя пивоварня
2146,37750,парковка
2147,30953,спортивные трансляции
2148,30953,парковка
2149,46723,живая музыка
2150,46723,бизнес-ланч
2151,46723,шоу-программа
2152,46723,dj
2153,46723,доставка
2154,33043,шоу-программа
2155,33043,dj
2156,33043,кальян
2157,33043,парковка
2158,33640,караоке
2159,33640,dj
2160,33640,спортивные трансляции
2161,33640,доставка
2162,31305,живая музыка
2163,31305,бизнес-ланч
2164,31305,завтрак
2165,31305,парковка
2166,31649,здесь танцуют
2167,31649,бизнес-ланч
2168,31649,шоу-программа
2169,31649,dj
2170,31649,кальян
2171,33247,при отеле
2172,33247,детское меню
2173,33247,завтрак
2174,38721,панорамный вид
2175,38721,доставка
2176,38721,парковка
2177,30667,доставка
2178,30667,кабинки
2179,30667,парковка
2180,32267,за городом
2181,32267,детское меню
2182,32267,доставка
2183,30765,заказ кейтеринга
2184,30765,детское меню
2185,30765,кулинарные мастер-классы
2186,30765,парковка
2187,31243,детское меню
2188,31243,живая музыка
2189,31243,кальян
2190,31243,доставка
2191,31243,парковка
2192,33989,за городом
2193,33989,доставка
2194,33989,парковка
2195,38950,спортивные трансляции
2196,31672,детское меню
2197,31672,dj
2198,31672,парковка
2199,31046,детское меню
2200,31046,детская комната
2201,31046,живая музыка
2202,31046,бизнес-ланч
2203,31046,доставка
2204,30661,парковка
2205,33630,ресторан у воды
2206,30609,здесь живут котики
2207,30609,доставка
2208,30492,спортивные трансляции
2209,30492,доставка
2210,30492,парковка
2211,32099,бизнес-ланч
2212,32099,спортивные трансляции
2213,35853,детское меню
2214,35853,бизнес-ланч
2215,35853,спортивные трансляции
2216,37239,бизнес-ланч
2217,37239,парковка
2218,33112,детское меню
2219,33112,живая музыка
2220,33112,кальян
2221,33112,спортивные трансляции
2222,33112,завтрак
2223,34778,детское меню
2224,32421,кабинки
2225,32421,парковка
2226,31126,живая музыка
2227,31126,кальян
2228,31126,спортивные трансляции
2229,31126,завтрак
2230,31126,доставка
2231,31355,парковка
2232,42135,еда навынос
2233,42135,при отеле
2234,42135,панорамный вид
2235,42135,детское меню
2236,42135,живая музыка
2237,46389,панорамный вид
2238,46389,детское меню
2239,46389,детская комната
2240,46389,доставка
2241,46389,ресторан у воды
2242,31166,еда навынос
2243,31166,детское меню
2244,31166,бизнес-ланч
2245,35693,живая музыка
2246,35693,спортивные трансляции
2247,35693,парковка
2248,31879,детское меню
2249,31879,детская комната
2250,31879,живая музыка
2251,31879,спортивные трансляции
2252,31879,доставка
2253,37591,живая музыка
2254,37591,бизнес-ланч
2255,37591,парковка
2256,34956,парковка
2257,34051,бизнес-ланч
2258,34051,доставка
2259,34051,парковка
2260,30860,заказ кейтеринга
2261,30860,доставка
2262,30860,парковка
2263,33939,за городом
2264,33939,детское меню
2265,33939,живая музыка
2266,33939,кальян
2267,33939,спортивные трансляции
2268,30935,детская комната
2269,30935,живая музыка
2270,30935,бизнес-ланч
2271,30935,спортивные трансляции
2272,31493,доставка
2273,31493,парковка
2274,32274,завтрак
2275,32274,парковка
2276,39954,детское меню
2277,39954,детская комната
2278,39954,кальян
2279,39954,завтрак
2280,39954,парковка
2281,44701,бизнес-ланч
2282,37607,за городом
2283,37607,бильярд
2284,37607,ресторан у воды
2285,37607,парковка
2286,37143,караоке
2287,31611,здесь танцуют
2288,31611,бизнес-ланч
2289,31611,dj
2290,31611,доставка
2291,31611,парковка
2292,38476,завтрак
2293,38476,доставка
2294,38476,парковка
2295,45278,детская комната
2296,45278,бизнес-ланч
2297,45278,завтрак
2298,45278,парковка
2299,38750,бизнес-ланч
2300,34909,здесь танцуют
2301,34909,живая музыка
2302,34909,бизнес-ланч
2303,34909,спортивные трансляции
2304,34909,завтрак
2305,43051,здесь танцуют
2306,43051,караоке
2307,43051,шоу-программа
2308,43051,кальян
2309,40771,заказ кейтеринга
2310,40771,бизнес-ланч
2311,40771,кальян
2312,40771,спортивные трансляции
2313,40771,настольные игры
2314,31341,бизнес-ланч
2315,31341,спортивные трансляции
2316,31341,парковка
2317,41889,панорамный вид
2318,43470,за городом
2319,43470,кальян
2320,38679,бранч
2321,38679,заказ кейтеринга
2322,44205,dj
2323,31033,караоке
2324,31033,детская комната
2325,31033,живая музыка
2326,31033,бизнес-ланч
2327,31033,кальян
2328,46509,бизнес-ланч
2329,46509,завтрак
2330,31968,детское меню
2331,31968,спортивные трансляции
2332,31968,бильярд
2333,31968,камин
2334,31968,парковка
2335,47690,за городом
2336,47690,панорамный вид
2337,47690,караоке
2338,47690,ресторан у воды
2339,33297,доставка
2340,47408,доставка
2341,46373,можно со своей едой
2342,48310,живая музыка
2343,48310,dj
2344,48310,кальян
2345,48310,настольные игры
2346,42004,кальян
2347,42004,настольные игры
2348,42004,кабинки
2349,42004,парковка
2350,31648,караоке
2351,31648,детская комната
2352,31648,кальян
2353,31648,доставка
2354,31648,парковка
2355,41843,здесь танцуют
2356,41843,панорамный вид
2357,41843,караоке
2358,41843,бизнес-ланч
2359,41843,dj
2360,32198,парковка
2361,31948,детское меню
2362,31948,караоке
2363,31948,детская комната
2364,31948,живая музыка
2365,31948,шоу-программа
2366,31179,бизнес-ланч
2367,31179,спортивные трансляции
2368,31179,завтрак
2369,31179,доставка
2370,30687,спортивные трансляции
2371,30687,доставка
2372,30687,парковка
2373,41081,еда навынос
2374,41081,живая музыка
2375,41081,бизнес-ланч
2376,41081,dj
2377,41081,кальян
2378,35627,детское меню
2379,35627,детская комната
2380,35627,парковка
2381,38132,доставка
2382,38132,парковка
2383,44566,доставка
2384,36791,караоке
2385,36791,детская комната
2386,36791,живая музыка
2387,36791,настольные игры
2388,36791,доставка
2389,42042,завтрак
2390,30883,бизнес-ланч
2391,30883,доставка
2392,30883,парковка
2393,33019,детское меню
2394,33019,живая музыка
2395,33019,кальян
2396,33019,доставка
2397,33019,своя пивоварня
2398,32907,панорамный вид
2399,32907,детское меню
2400,32907,парковка
2401,47146,завтрак
2402,44038,детское меню
2403,44038,доставка
2404,44038,парковка
2405,33429,за городом
2406,33429,детское меню
2407,33429,детская комната
2408,33429,бизнес-ланч
2409,33429,завтрак
2410,30970,живая музыка
2411,30970,доставка
2412,30970,парковка
2413,31130,живая музыка
2414,31130,парковка
2415,46888,за городом
2416,44666,кальян
2417,44666,спортивные трансляции
2418,47198,панорамный вид
2419,47198,живая музыка
2420,47198,dj
2421,47198,кальян
2422,47198,доставка
2423,46352,детское меню
2424,46352,бизнес-ланч
2425,46352,завтрак
2426,46352,доставка
2427,47995,панорамный вид
2428,47995,dj
2429,47995,кальян
2430,47995,спортивные трансляции
2431,44115,бизнес-ланч
2432,44115,спортивные трансляции
2433,31440,детское меню
2434,31440,детская комната
2435,31440,живая музыка
2436,31440,бизнес-ланч
2437,31440,dj
2438,44672,здесь танцуют
2439,44672,караоке
2440,44672,живая музыка
2441,44672,шоу-программа
2442,44672,бизнес-ланч
2443,30947,здесь танцуют
2444,30947,живая музыка
2445,30947,бизнес-ланч
2446,30947,спортивные трансляции
2447,30947,парковка
2448,47072,еда навынос
2449,47072,бизнес-ланч
2450,47072,завтрак
2451,47072,доставка
2452,42309,спортивные трансляции
2453,42309,доставка
2454,46494,бизнес-ланч
2455,46494,dj
2456,46494,кальян
2457,46494,спортивные трансляции
2458,46494,настольные игры
2459,42652,детское меню
2460,42652,детская комната
2461,42652,бизнес-ланч
2462,42652,dj
2463,42652,кальян
2464,47005,живая музыка
2465,47005,шоу-программа
2466,47005,dj
2467,30568,панорамный вид
2468,30568,доставка
2469,30568,парковка
2470,30984,здесь танцуют
2471,30984,панорамный вид
2472,30984,бизнес-ланч
2473,30984,завтрак
2474,31577,еда навынос
2475,31577,живая музыка
2476,31577,шоу-программа
2477,31577,парковка
2478,46680,здесь танцуют
2479,46680,караоке
2480,46680,живая музыка
2481,46680,шоу-программа
2482,46680,dj
2483,46335,доставка
2484,43666,здесь танцуют
2485,43666,dj
2486,30651,детское меню
2487,30651,завтрак
2488,30651,доставка
2489,30651,камин
2490,30651,парковка
2491,42733,за городом
2492,42733,панорамный вид
2493,42733,детское меню
2494,42733,детская комната
2495,42733,живая музыка
2496,39881,детское меню
2497,39881,детская комната
2498,39881,кальян
2499,39881,завтрак
2500,39881,кабинки
2501,39341,здесь танцуют
2502,39341,караоке
2503,39341,парковка
2504,43286,караоке
2505,43286,бизнес-ланч
2506,43286,кальян
2507,43286,спортивные трансляции
2508,43286,завтрак
2509,30955,парковка
2510,30816,еда навынос
2511,30816,бизнес-ланч
2512,30816,dj
2513,30816,доставка
2514,30816,парковка
2515,43359,живая музыка
2516,43359,кальян
2517,43359,парковка
2518,30538,шоу-программа
2519,30538,dj
2520,30538,парковка
2521,45639,еда навынос
2522,45639,живая музыка
2523,45639,бизнес-ланч
2524,45639,шоу-программа
2525,45639,спортивные трансляции
2526,42410,живая музыка
2527,42410,бизнес-ланч
2528,42410,доставка
2529,42410,кабинки
2530,42410,камин
2531,43797,бизнес-ланч
2532,43797,завтрак
2533,44007,здесь танцуют
2534,44007,караоке
2535,44007,живая музыка
2536,44007,dj
2537,44007,кальян
2538,46489,бизнес-ланч
2539,46489,завтрак
2540,46489,своя пивоварня
2541,46489,парковка
2542,37762,стриптиз
2543,37762,парковка
2544,32847,детское меню
2545,32847,детская комната
2546,32847,завтрак
2547,32847,парковка
2548,34318,за городом
2549,34318,детское меню
2550,34318,парковка
2551,30499,живая музыка
2552,46361,бизнес-ланч
2553,46361,спортивные трансляции
2554,46361,доставка
2555,37687,здесь танцуют
2556,37687,при отеле
2557,37687,бассейн
2558,37687,за городом
2559,37687,детское меню
2560,30873,бизнес-ланч
2561,30873,доставка
2562,37729,караоке
2563,37729,живая музыка
2564,37729,кальян
2565,37729,спортивные трансляции
2566,37729,боулинг
2567,43288,доставка
2568,31583,здесь танцуют
2569,31583,панорамный вид
2570,31583,dj
2571,31583,доставка
2572,31583,парковка
2573,32472,живая музыка
2574,32472,завтрак
2575,35898,за городом
2576,35898,детское меню
2577,35898,караоке
2578,35898,живая музыка
2579,35898,кальян
2580,36130,доставка
2581,36130,парковка
2582,33327,детское меню
2583,33327,бизнес-ланч
2584,33327,завтрак
2585,33327,парковка
2586,33621,живая музыка
2587,33621,спортивные трансляции
2588,33621,парковка
2589,30684,спортивные трансляции
2590,30684,настольные игры
2591,30684,парковка
2592,30736,доставка
2593,30736,камин
2594,30736,парковка
2595,36739,бизнес-ланч
2596,36739,парковка
2597,46973,завтрак
2598,35754,бранч
2599,35754,заказ кейтеринга
2600,35754,детская комната
2601,35754,бизнес-ланч
2602,35754,спортивные трансляции
2603,30846,детское меню
2604,30846,бизнес-ланч
2605,30846,завтрак
2606,30846,доставка
2607,37484,панорамный вид
2608,37484,парковка
2609,41878,завтрак
2610,30490,живая музыка
2611,30490,парковка
2612,41902,при отеле
2613,41902,панорамный вид
2614,41902,бизнес-ланч
2615,41902,спортивные трансляции
2616,41902,парковка
2617,30670,спортивные трансляции
2618,30670,доставка
2619,31873,караоке
2620,31873,шоу-программа
2621,31873,бизнес-ланч
2622,31873,спортивные трансляции
2623,31873,завтрак
2624,40937,спортивные трансляции
2625,40937,завтрак
2626,30524,доставка
2627,47468,ресторан у воды
2628,45187,детское меню
2629,45187,бизнес-ланч
2630,45187,спортивные трансляции
2631,31140,бассейн
2632,31140,здесь танцуют
2633,31140,панорамный вид
2634,31140,живая музыка
2635,31140,dj
2636,45179,завтрак
2637,47300,живая музыка
2638,47300,шоу-программа
2639,47300,кальян
2640,37760,караоке
2641,37760,живая музыка
2642,37760,шоу-программа
2643,37760,стриптиз
2644,37760,кальян
2645,45191,кальян
2646,45191,спортивные трансляции
2647,45191,настольные игры
2648,46643,панорамный вид
2649,46643,dj
2650,46643,кальян
2651,40518,детское меню
2652,40518,живая музыка
2653,40518,бизнес-ланч
2654,40518,кальян
2655,40518,спортивные трансляции
2656,30800,еда навынос
2657,30800,звезда Michelin
2658,30800,парковка
2659,42603,еда навынос
2660,42603,детское меню
2661,42603,живая музыка
2662,42603,бизнес-ланч
2663,42603,dj
2664,30983,можно с животными
2665,30983,детское меню
2666,30983,караоке
2667,30983,детская комната
2668,30983,бизнес-ланч
2669,44718,бизнес-ланч
2670,44718,dj
2671,44718,завтрак
2672,44675,новогодний корпоратив
2673,44675,еда навынос
2674,44675,караоке
2675,44675,бизнес-ланч
2676,44675,кальян
2677,47495,можно со своей едой
2678,47495,dj
2679,47495,кальян
2680,47495,настольные игры
2681,48422,кальян
2682,48422,настольные игры
2683,37296,здесь танцуют
2684,37296,караоке
2685,37296,бизнес-ланч
2686,37296,шоу-программа
2687,37296,dj
2688,43548,бизнес-ланч
2689,43548,завтрак
2690,37779,еда навынос
2691,37779,здесь танцуют
2692,37779,караоке
2693,37779,шоу-программа
2694,37779,dj
2695,46555,панорамный вид
2696,46555,завтрак
2697,46555,ресторан у воды
2698,34173,детское меню
2699,34173,детская комната
2700,34173,живая музыка
2701,34173,шоу-программа
2702,34173,бизнес-ланч
2703,40820,бизнес-ланч
2704,40820,спортивные трансляции
2705,40820,доставка
2706,46718,кальян
2707,46718,спортивные трансляции
2708,46718,настольные игры
2709,46718,парковка
2710,47235,бизнес-ланч
2711,47235,завтрак
2712,48346,завтрак
2713,44866,завтрак
2714,44866,камин
2715,46478,караоке
2716,46478,бизнес-ланч
2717,46478,dj
2718,46478,кальян
2719,46478,спортивные трансляции
2720,44611,детское меню
2721,44611,бизнес-ланч
2722,44611,настольные игры
2723,44611,завтрак
2724,44611,доставка
2725,40123,детское меню
2726,40123,кальян
2727,40123,настольные игры
2728,40123,завтрак
2729,40123,доставка
2730,47334,детское меню
2731,47334,бизнес-ланч
2732,47334,парковка
2733,41190,парковка
2734,31172,бизнес-ланч
2735,46436,завтрак
2736,46436,доставка
2737,31164,детское меню
2738,31164,караоке
2739,31164,живая музыка
2740,31164,спортивные трансляции
2741,31164,завтрак
2742,31503,новогодний корпоратив
2743,31503,детские мастер-классы
2744,31503,детское меню
2745,31503,караоке
2746,31503,детская комната
2747,48559,новогодний корпоратив
2748,48559,здесь танцуют
2749,48559,караоке
2750,48559,живая музыка
2751,48559,кальян
2752,44041,кальян
2753,44041,спортивные трансляции
2754,44041,настольные игры
2755,44041,парковка
2756,46368,новогодний корпоратив
2757,46368,здесь танцуют
2758,46368,еда навынос
2759,46368,караоке
2760,46368,бизнес-ланч
2761,41070,новогодний корпоратив
2762,41070,день святого валентина
2763,41070,здесь танцуют
2764,41070,караоке
2765,41070,живая музыка
2766,47870,новогодний корпоратив
2767,47870,живая музыка
2768,47870,бизнес-ланч
2769,47870,шоу-программа
2770,47870,кальян
2771,46212,еда навынос
2772,46212,dj
2773,46212,доставка
2774,47637,детское меню
2775,47637,доставка
2776,47637,камин
2777,46775,караоке
2778,46775,живая музыка
2779,46775,шоу-программа
2780,46775,dj
2781,46775,стриптиз
2782,43140,новогодний корпоратив
2783,43140,еда навынос
2784,43140,детское меню
2785,43140,караоке
2786,43140,бизнес-ланч
2787,41585,новогодний корпоратив
2788,41585,при отеле
2789,41585,за городом
2790,41585,детское меню
2791,41585,караоке
2792,46762,новогодний корпоратив
2793,46762,панорамный вид
2794,46762,караоке
2795,46762,кальян
2796,46762,ресторан у воды
2797,45597,новогодний корпоратив
2798,45597,день святого валентина
2799,45597,панорамный вид
2800,45597,бизнес-ланч
2801,45597,dj
2802,48164,здесь танцуют
2803,48164,панорамный вид
2804,48164,живая музыка
2805,48164,шоу-программа
2806,48164,завтрак
2807,47479,dj
2808,47479,доставка
2809,48488,кальян
2810,48488,спортивные трансляции
2811,31011,детское меню
2812,31011,караоке
2813,31011,детская комната
2814,31011,бизнес-ланч
2815,31011,доставка
2816,30601,новогодний корпоратив
2817,30601,панорамный вид
2818,30601,живая музыка
2819,30601,шоу-программа
2820,30601,завтрак
2821,46488,детское меню
2822,46488,детская комната
2823,46488,бизнес-ланч
2824,46488,спортивные трансляции
2825,46488,завтрак
2826,40076,за городом
2827,40076,детское меню
2828,40076,караоке
2829,40076,живая музыка
2830,40076,спортивные трансляции
2831,46197,при отеле
2832,46197,панорамный вид
2833,46197,парковка
2834,43847,при отеле
2835,43847,детское меню
2836,43847,бизнес-ланч
2837,43847,спортивные трансляции
2838,43847,завтрак
2839,30836,детское меню
2840,30836,бизнес-ланч
2841,30836,парковка
2842,38166,парковка
2843,37885,спортивные трансляции
2844,37885,кабинки
2845,37885,парковка
2846,40417,караоке
2847,40417,бизнес-ланч
2848,40417,кальян
2849,40417,спортивные трансляции
2850,40417,завтрак
2851,30784,живая музыка
2852,30784,бизнес-ланч
2853,30784,камин
2854,43257,здесь танцуют
2855,43257,караоке
2856,43257,живая музыка
2857,43257,dj
2858,31655,живая музыка
2859,31655,бизнес-ланч
2860,31655,шоу-программа
2861,31655,кальян
2862,31655,спортивные трансляции
2863,33784,завтрак
2864,43559,здесь танцуют
2865,43559,караоке
2866,43559,живая музыка
2867,43559,шоу-программа
2868,43559,dj
2869,31019,бизнес-ланч
2870,31019,доставка
2871,31418,детское меню
2872,31418,кулинарные мастер-классы
2873,31418,парковка
2874,38111,завтрак
2875,43562,бизнес-ланч
2876,43562,dj
2877,43562,завтрак
2878,46539,за городом
2879,46539,живая музыка
2880,46539,настольные игры
2881,46539,завтрак
2882,46539,доставка
2883,31561,детская комната
2884,31561,бизнес-ланч
2885,31561,спортивные трансляции
2886,31561,завтрак
2887,31561,доставка
2888,31007,детское меню
2889,31007,детская комната
2890,31007,живая музыка
2891,31007,шоу-программа
2892,31007,спортивные трансляции
2893,37667,кальян
2894,37667,настольные игры
2895,37667,доставка
2896,39139,dj
2897,30658,бизнес-ланч
2898,30658,завтрак
2899,30658,доставка
2900,30658,парковка
2901,30817,детское меню
2902,30817,живая музыка
2903,30817,бизнес-ланч
2904,30817,завтрак
2905,30817,доставка
2906,33435,ресторан у воды
2907,46461,парковка
2908,34653,детская комната
2909,34653,живая музыка
2910,34653,бизнес-ланч
2911,34653,кальян
2912,34653,спортивные трансляции
2913,31612,детское меню
2914,31612,детская комната
2915,31612,настольные игры
2916,40889,бизнес-ланч
2917,40889,dj
2918,40889,кальян
2919,40889,доставка
2920,40889,парковка
2921,47306,бизнес-ланч
2922,47306,завтрак
2923,47044,бизнес-ланч
2924,47044,доставка
2925,47044,кабинки
2926,47328,панорамный вид
2927,47328,бизнес-ланч
2928,47328,завтрак
2929,47328,доставка
2930,37890,бизнес-ланч
2931,37890,завтрак
2932,46827,детские мастер-классы
2933,46827,детское меню
2934,46827,детская комната
2935,46827,бизнес-ланч
2936,46827,доставка
2937,48045,еда навынос
2938,48045,детское меню
2939,48045,живая музыка
2940,48045,шоу-программа
2941,48045,завтрак
2942,46810,здесь танцуют
2943,46810,панорамный вид
2944,46810,караоке
2945,46810,живая музыка
2946,46810,шоу-программа
2947,30613,живая музыка
2948,30613,бизнес-ланч
2949,30613,dj
2950,30613,спортивные трансляции
2951,30613,завтрак
2952,44813,новогодний корпоратив
2953,44813,еда навынос
2954,44813,день святого валентина
2955,44813,детские мастер-классы
2956,44813,здесь танцуют
2957,47011,кальян
2958,47011,спортивные трансляции
2959,47011,настольные игры
2960,47011,доставка
2961,45092,здесь танцуют
2962,45092,живая музыка
2963,45092,шоу-программа
2964,45092,dj
2965,30628,новогодний корпоратив
2966,30628,детское меню
2967,30628,детская комната
2968,30628,завтрак
2969,30628,доставка
2970,30518,новогодний корпоратив
2971,46949,день святого валентина
2972,46949,здесь танцуют
2973,46949,живая музыка
2974,46949,шоу-программа
2975,46949,бизнес-ланч
2976,41343,день святого валентина
2977,41343,еда навынос
2978,41343,детское меню
2979,41343,детская комната
2980,41343,бизнес-ланч
2981,43153,новогодний корпоратив
2982,43153,детское меню
2983,43153,детская комната
2984,43153,живая музыка
2985,43153,шоу-программа
2986,44660,новогодний корпоратив
2987,44660,еда навынос
2988,44660,панорамный вид
2989,44660,живая музыка
2990,44660,шоу-программа
2991,37036,панорамный вид
2992,37036,dj
2993,40319,еда навынос
2994,40319,живая музыка
2995,40319,бизнес-ланч
2996,40319,завтрак
2997,40319,доставка
2998,31609,детское меню
2999,31609,караоке
3000,31609,живая музыка
3001,31609,парковка
3002,37728,панорамный вид
3003,37728,парковка
3004,31729,здесь танцуют
3005,31729,панорамный вид
3006,31729,живая музыка
3007,31729,шоу-программа
3008,31729,dj
3009,31360,детское меню
3010,31360,детская комната
3011,31360,живая музыка
3012,31360,шоу-программа
3013,31360,доставка
3014,31690,парковка
3015,30931,детское меню
3016,30931,караоке
3017,30931,живая музыка
3018,30931,бизнес-ланч
3019,30931,шоу-программа
3020,31100,здесь танцуют
3021,31100,панорамный вид
3022,31100,караоке
3023,31100,живая музыка
3024,31100,шоу-программа
3025,30717,живая музыка
3026,30717,спортивные трансляции
3027,30717,завтрак
3028,30717,доставка
3029,30717,парковка
3030,30866,живая музыка
3031,30866,шоу-программа
3032,30866,кальян
3033,30866,доставка
3034,30866,парковка
3035,40901,панорамный вид
3036,33037,детские мастер-классы
3037,33037,панорамный вид
3038,33037,караоке
3039,33037,живая музыка
3040,33037,шоу-программа
3041,41975,панорамный вид
3042,41975,кальян
3043,31244,живая музыка
3044,31244,бизнес-ланч
3045,31444,живая музыка
3046,31444,шоу-программа
3047,30703,детская комната
3048,30703,живая музыка
3049,30703,dj
3050,30703,кальян
3051,30703,спортивные трансляции
3052,30969,детское меню
3053,30969,парковка
3054,30822,детское меню
3055,30822,живая музыка
3056,30822,парковка
3057,31097,живая музыка
3058,31097,бизнес-ланч
3059,31097,спортивные трансляции
3060,31097,завтрак
3061,31097,доставка
3062,35150,за городом
3063,35150,парковка
3064,31272,при отеле
3065,31272,детская комната
3066,31272,бизнес-ланч
3067,31272,завтрак
3068,31272,доставка
3069,41028,еда навынос
3070,41028,детское меню
3071,41028,доставка
3072,31715,завтрак
3073,31715,парковка
3074,34381,при отеле
3075,34381,бранч
3076,34381,детское меню
3077,34381,парковка
3078,37563,за городом
3079,37563,детское меню
3080,37563,детская комната
3081,37563,бизнес-ланч
3082,37563,dj
3083,31203,кальян
3084,31203,завтрак
3085,30549,доставка
3086,30549,парковка
3087,41069,шоу-программа
3088,41069,кальян
3089,41069,настольные игры
3090,41069,кабинки
3091,41069,камин
3092,31034,парковка
3093,30517,детское меню
3094,30517,детская комната
3095,30517,живая музыка
3096,30517,бизнес-ланч
3097,30517,кальян
3098,30501,завтрак
3099,30501,парковка
3100,31059,доставка
3101,31059,парковка
3102,31464,детское меню
3103,31464,детская комната
3104,31464,бизнес-ланч
3105,31464,кальян
3106,31464,спортивные трансляции
3107,30729,детское меню
3108,30729,кальян
3109,30729,доставка
3110,30729,ресторан у воды
3111,30729,парковка
3112,37824,при отеле
3113,37824,бранч
3114,37824,живая музыка
3115,37824,шоу-программа
3116,37824,завтрак
3117,46218,еда навынос
3118,46218,живая музыка
3119,46218,dj
3120,46218,кальян
3121,46218,спортивные трансляции
3122,35100,за городом
3123,35100,ресторан у воды
3124,35100,парковка
3125,31293,живая музыка
3126,31293,спортивные трансляции
3127,31293,ресторан у воды
3128,31293,парковка
3129,31176,детские мастер-классы
3130,31176,бранч
3131,31176,детская комната
3132,31176,живая музыка
3133,31176,завтрак
3134,31160,парковка
3135,40927,детское меню
3136,40927,живая музыка
3137,40927,бизнес-ланч
3138,40927,завтрак
3139,37471,еда навынос
3140,37471,за городом
3141,37471,доставка
3142,37471,парковка
3143,47732,живая музыка
3144,47732,шоу-программа
3145,47732,dj
3146,47732,завтрак
3147,30730,детское меню
3148,30730,бизнес-ланч
3149,30730,спортивные трансляции
3150,34426,парковка
3151,31430,парковка
3152,37795,здесь танцуют
3153,37795,dj
3154,37795,стриптиз
3155,37795,кальян
3156,37795,парковка
3157,31508,парковка
3158,37688,камин
3159,37688,ресторан у воды
3160,37688,парковка
3161,36132,бизнес-ланч
3162,36132,парковка
3163,38316,парковка
3164,31259,кальян
3165,31259,парковка
3166,39896,камин
3167,30571,детское меню
3168,30571,детская комната
3169,30571,доставка
3170,45402,бизнес-ланч
3171,45402,кальян
3172,45402,спортивные трансляции
3173,30747,живая музыка
3174,30747,бизнес-ланч
3175,30747,парковка
3176,31193,завтрак
3177,31193,парковка
3178,31595,заказ кейтеринга
3179,31595,живая музыка
3180,31595,спортивные трансляции
3181,31595,доставка
3182,31595,парковка
3183,41750,за городом
3184,41750,камин
3185,41750,парковка
3186,38670,за городом
3187,38670,детское меню
3188,38670,детская комната
3189,38670,караоке
3190,38670,камин
3191,31441,доставка
3192,41835,панорамный вид
3193,41835,караоке
3194,41835,живая музыка
3195,41835,шоу-программа
3196,41835,бизнес-ланч
3197,36473,при отеле
3198,36473,панорамный вид
3199,39870,за городом
3200,39870,ресторан у воды
3201,47053,при отеле
3202,47053,панорамный вид
3203,47053,парковка
3204,41822,караоке
3205,41822,живая музыка
3206,41822,бизнес-ланч
3207,41822,кальян
3208,41822,спортивные трансляции
3209,41113,при отеле
3210,41113,за городом
3211,41113,караоке
3212,41113,детская комната
3213,41113,бизнес-ланч
3214,34755,новогодний корпоратив
3215,34755,сборный корпоратив
3216,34755,караоке
3217,34755,бизнес-ланч
3218,34755,спортивные трансляции
3219,47432,новогодний корпоратив
3220,47432,сборный корпоратив
3221,47432,панорамный вид
3222,47432,детское меню
3223,47432,детская комната
3224,34217,новогодний корпоратив
3225,34217,сборный корпоратив
3226,34217,детское меню
3227,34217,ресторан у воды
3228,34217,парковка
3229,37616,новогодний корпоратив
3230,37616,сборный корпоратив
3231,37616,за городом
3232,37616,детская комната
3233,37616,живая музыка
3234,35131,новогодний корпоратив
3235,35131,сборный корпоратив
3236,35131,караоке
3237,35131,живая музыка
3238,35131,шоу-программа
3239,47418,спортивные трансляции
3240,46290,новогодний корпоратив
3241,46290,еда навынос
3242,46290,панорамный вид
3243,46290,бизнес-ланч
3244,46290,dj
3245,36916,при отеле
3246,36916,детское меню
3247,36916,живая музыка
3248,36916,шоу-программа
3249,36916,бизнес-ланч
3250,41676,детские мастер-классы
3251,41676,новогодний корпоратив
3252,41676,еда навынос
3253,41676,день святого валентина
3254,41676,детское меню
3255,40898,звезда Michelin
3256,40898,панорамный вид
3257,30898,детская комната
3258,30898,кальян
3259,30898,ресторан у воды
3260,42610,детские мастер-классы
3261,42610,панорамный вид
3262,42610,живая музыка
3263,42610,бизнес-ланч
3264,42610,dj
3265,31315,живая музыка
3266,31315,завтрак
3267,31315,парковка
3268,40924,завтрак
3269,40924,камин
3270,46906,доставка
3271,46906,кулинарные мастер-классы
3272,31252,камин
3273,40086,панорамный вид
3274,40086,шоу-программа
3275,40086,dj
3276,40086,кальян
3277,40086,кабинки
3278,40523,панорамный вид
3279,40523,детское меню
3280,40523,живая музыка
3281,40523,бизнес-ланч
3282,40523,шоу-программа
3283,31178,панорамный вид
3284,31178,детское меню
3285,31178,караоке
3286,31178,бизнес-ланч
3287,31178,кальян
3288,31077,детское меню
3289,31077,караоке
3290,31077,детская комната
3291,31077,спортивные трансляции
3292,31077,завтрак
3293,46710,еда навынос
3294,46710,завтрак
3295,46710,доставка
3296,46710,парковка
3297,32478,караоке
3298,32478,живая музыка
3299,32478,кальян
3300,30862,детское меню
3301,30862,детская комната
3302,30862,живая музыка
3303,30862,кальян
3304,30862,доставка
3305,30567,живая музыка
3306,30567,бизнес-ланч
3307,30567,кальян
3308,30567,завтрак
3309,30567,доставка
3310,38282,доставка
3311,38282,ресторан у воды
3312,30512,детская комната
3313,30512,бизнес-ланч
3314,30512,завтрак
3315,30512,доставка
3316,30512,парковка
3317,30792,бизнес-ланч
3318,30792,завтрак
3319,43819,живая музыка
3320,43819,кальян
3321,43819,парковка
3322,37871,парковка
3323,32883,при отеле
3324,32883,бранч
3325,32883,панорамный вид
3326,32883,кулинарные мастер-классы
3327,32883,парковка
3328,47607,живая музыка
3329,47607,парковка
3330,31055,за городом
3331,31055,доставка
3332,31055,парковка
3333,37674,завтрак
3334,37674,доставка
3335,37674,парковка
3336,45646,доставка
3337,45646,парковка
3338,31327,панорамный вид
3339,31327,детское меню
3340,31327,караоке
3341,31327,детская комната
3342,31327,живая музыка
3343,43283,еда навынос
3344,43283,здесь танцуют
3345,43283,детское меню
3346,43283,караоке
3347,43283,живая музыка
3348,37764,караоке
3349,37764,живая музыка
3350,37764,шоу-программа
3351,37764,стриптиз
3352,37764,кальян
3353,38722,панорамный вид
3354,38722,детское меню
3355,38722,живая музыка
3356,38722,парковка
3357,46956,кальян
3358,46956,настольные игры
3359,35985,здесь танцуют
3360,35985,караоке
3361,35985,живая музыка
3362,35985,dj
3363,35985,кальян
3364,40302,еда навынос
3365,40302,доставка
3366,42151,панорамный вид
3367,42151,кальян
3368,42151,спортивные трансляции
3369,42151,парковка
3370,45237,еда навынос
3371,45237,живая музыка
3372,45237,шоу-программа
3373,45237,доставка
3374,35908,детское меню
3375,35908,детская комната
3376,35908,караоке
3377,35908,живая музыка
3378,35908,завтрак
3379,44902,караоке
3380,44902,живая музыка
3381,44902,шоу-программа
3382,44902,dj
3383,44902,кальян
3384,47015,кальян
3385,46869,бизнес-ланч
3386,46869,завтрак
3387,46869,парковка
3388,42337,здесь танцуют
3389,42337,при отеле
3390,42337,караоке
3391,42337,dj
3392,42337,стриптиз
3393,47202,здесь танцуют
3394,47202,dj
3395,47202,завтрак
3396,31369,завтрак
3397,31369,доставка
3398,44683,камин
3399,41397,при отеле
3400,41397,детское меню
3401,41397,караоке
3402,41397,живая музыка
3403,41397,бильярд
3404,41872,здесь танцуют
3405,41872,караоке
3406,41872,живая музыка
3407,41872,dj
3408,41872,кальян
3409,30939,доставка
3410,30939,парковка
3411,33743,панорамный вид
3412,33743,живая музыка
3413,33743,доставка
3414,33743,ресторан у воды
3415,33743,парковка
3416,41738,панорамный вид
3417,41738,бизнес-ланч
3418,41738,завтрак
3419,41738,ресторан у воды
3420,41738,парковка
3421,35104,панорамный вид
3422,35104,парковка
3423,30778,еда навынос
3424,30778,завтрак
3425,37788,dj
3426,37788,стриптиз
3427,37788,кальян
3428,37788,парковка
3429,47456,кальян
3430,33999,парковка
3431,46363,здесь танцуют
3432,46363,караоке
3433,46363,стриптиз
3434,46363,кальян
3435,46363,парковка
3436,31269,детское меню
3437,31269,доставка
3438,31269,парковка
3439,36203,звезда Michelin
3440,36203,живая музыка
3441,36203,парковка
3442,46754,новогодний корпоратив
3443,46754,караоке
3444,46754,живая музыка
3445,46754,шоу-программа
3446,46754,dj
3447,45673,караоке
3448,45673,завтрак
3449,39940,при отеле
3450,39940,живая музыка
3451,39940,шоу-программа
3452,39940,завтрак
3453,39940,доставка
3454,43384,караоке
3455,43384,живая музыка
3456,43384,бизнес-ланч
3457,43384,шоу-программа
3458,43384,кальян
3459,47379,здесь танцуют
3460,47379,живая музыка
3461,47379,шоу-программа
3462,47379,бизнес-ланч
3463,47379,завтрак
3464,30708,завтрак
3465,30708,доставка
3466,31264,панорамный вид
3467,31264,караоке
3468,31264,живая музыка
3469,31264,шоу-программа
3470,31264,кальян
3471,46862,живая музыка
3472,46862,бизнес-ланч
3473,46862,шоу-программа
3474,46862,dj
3475,46862,завтрак
3476,44661,панорамный вид
3477,44661,детское меню
3478,44661,живая музыка
3479,44661,шоу-программа
3480,44661,завтрак
3481,39269,панорамный вид
3482,39269,детское меню
3483,39269,детская комната
3484,39269,живая музыка
3485,39269,шоу-программа
3486,31260,новогодний корпоратив
3487,31260,еда навынос
3488,31260,живая музыка
3489,31260,шоу-программа
3490,31260,бизнес-ланч
3491,41606,новогодний корпоратив
3492,41606,день святого валентина
3493,41606,детское меню
3494,41606,детская комната
3495,41606,живая музыка
3496,44542,новогодний корпоратив
3497,44542,бранч
3498,44542,детское меню
3499,44542,детская комната
3500,44542,завтрак
3501,31546,новогодний корпоратив
3502,31546,при отеле
3503,31546,детская комната
3504,31546,завтрак
3505,31546,парковка
3506,48064,новогодний корпоратив
3507,48064,завтрак
3508,40519,новогодний корпоратив
3509,40519,детское меню
3510,40519,живая музыка
3511,40519,шоу-программа
3512,40519,dj
3513,41681,новогодний корпоратив
3514,41681,караоке
3515,41681,живая музыка
3516,41681,бизнес-ланч
3517,41681,шоу-программа
3518,31331,новогодний корпоратив
3519,31331,бранч
3520,31331,панорамный вид
3521,31331,детское меню
3522,31331,детская комната
3523,30741,новогодний корпоратив
3524,30741,заказ кейтеринга
3525,30741,детское меню
3526,30741,детская комната
3527,30741,бизнес-ланч
3528,35666,новогодний корпоратив
3529,35666,еда навынос
3530,35666,день святого валентина
3531,35666,бранч
3532,35666,панорамный вид
3533,31200,новогодний корпоратив
3534,31200,детское меню
3535,31200,караоке
3536,31200,живая музыка
3537,31200,шоу-программа
3538,38508,новогодний корпоратив
3539,38508,панорамный вид
3540,38508,детское меню
3541,38508,живая музыка
3542,38508,шоу-программа
3543,44869,новогодний корпоратив
3544,44869,день святого валентина
3545,44869,панорамный вид
3546,44869,камин
3547,44869,ресторан у воды
3548,44939,новогодний корпоратив
3549,44939,здесь танцуют
3550,44939,караоке
3551,44939,живая музыка
3552,44939,шоу-программа
3553,37884,детское меню
3554,37884,завтрак
3555,37884,парковка
3556,44996,панорамный вид
3557,42793,панорамный вид
3558,42793,караоке
3559,42793,живая музыка
3560,42793,шоу-программа
3561,42793,dj
3562,30508,панорамный вид
3563,30508,парковка
3564,30918,детское меню
3565,30918,детская комната
3566,30918,живая музыка
3567,30918,кальян
3568,30918,доставка
3569,30539,парковка
3570,38880,детское меню
3571,38880,шоу-программа
3572,38880,настольные игры
3573,38880,парковка
3574,30715,при отеле
3575,30715,завтрак
3576,30715,доставка
3577,30715,парковка
3578,30769,доставка
3579,30769,парковка
3580,43098,здесь танцуют
3581,43098,караоке
3582,43098,живая музыка
3583,43098,шоу-программа
3584,43098,кальян
3585,41050,при отеле
3586,41050,за городом
3587,41050,детское меню
3588,41050,dj
3589,41050,кальян
3590,33849,парковка
3591,30677,спортивные трансляции
3592,30677,парковка
3593,40772,при отеле
3594,40772,панорамный вид
3595,40772,бильярд
3596,40772,парковка
3597,30990,кабинки
3598,39741,заказ кейтеринга
3599,30653,панорамный вид
3600,30653,парковка
3601,37572,за городом
3602,37572,шоу-программа
3603,37572,камин
3604,37572,парковка
3605,42775,при отеле
3606,42775,еда навынос
3607,42775,парковка
3608,30707,панорамный вид
3609,37069,парковка
3610,38925,при отеле
3611,38925,звезда Michelin
3612,38925,бизнес-ланч
3613,31181,бранч
3614,31181,панорамный вид
3615,31181,доставка
3616,31181,парковка
3617,44854,еда навынос
3618,44854,панорамный вид
3619,44854,dj
3620,44854,доставка
3621,31103,парковка
3622,30535,бранч
3623,30535,dj
3624,30535,доставка
3625,30535,кабинки
3626,30535,камин
3627,42826,при отеле
3628,42826,еда навынос
3629,42826,звезда Michelin
3630,42826,панорамный вид
3631,42826,детское меню
3632,30943,детское меню
3633,30943,живая музыка
3634,30943,бизнес-ланч
3635,30943,шоу-программа
3636,30943,кальян
3637,31113,звезда Michelin
3638,31113,еда навынос
3639,31113,панорамный вид
3640,31113,детское меню
3641,31113,камин
3642,33863,при отеле
3643,33863,панорамный вид
3644,33863,кальян
3645,33863,спортивные трансляции
3646,33863,парковка
3647,35055,новогодний корпоратив
3648,35055,завтрак
3649,31242,новогодний корпоратив
3650,31242,сборный корпоратив
3651,31242,панорамный вид
3652,31242,ресторан у воды
3653,42493,новогодний корпоратив
3654,42493,живая музыка
3655,42493,шоу-программа
3656,42493,завтрак
3657,42493,парковка
3658,31017,день святого валентина
3659,31017,при отеле
3660,31017,еда навынос
3661,31017,панорамный вид
3662,31017,dj
3663,39893,новогодний корпоратив
3664,39893,бранч
3665,39893,детское меню
3666,39893,живая музыка
3667,39893,шоу-программа
3668,46379,панорамный вид
3669,46379,камин
3670,46379,парковка
