id,id_restourant,id_cuisines
1,42037,европейская
2,42037,пицца
3,42037,суши
4,35635,американская
5,31421,европейская
6,31421,смешанная
7,35061,кавказская
8,35061,русская
9,30719,европейская
10,40727,европейская
11,40727,итальянская
12,40976,европейская
13,31779,европейская
14,42572,сладости
15,39677,азиатская
16,39677,китайская
17,33916,европейская
18,33916,сладости
19,40609,стритфуд
20,40609,крафтовое пиво
21,36090,европейская
22,36090,русская
23,33611,торты на заказ
24,33611,сладости
25,35762,американская
26,31189,европейская
27,31189,русская
28,38022,европейская
29,38022,итальянская
30,38022,пицца
31,37847,европейская
32,32918,японская
33,32918,суши
34,32918,вегетарианские блюда
35,43876,вегетарианская
36,41756,европейская
37,38510,европейская
38,38510,сладости
39,39167,сладости
40,36156,американская
41,31449,закуски
42,31449,сладости
43,35502,вегетарианская
44,35502,вегетарианские блюда
45,35630,корейская
46,41237,израильская
47,41237,восточная
48,41237,шаурма
49,41237,арабская
50,37338,европейская
51,37338,стритфуд
52,37338,крафтовое пиво
53,37338,бургеры
54,37338,американская
55,30731,сладости
56,37956,европейская
57,37956,сербская
58,30878,восточная
59,45307,вегетарианская
60,45307,бургеры
61,42375,закуски
62,40043,европейская
63,40043,татарская
64,37493,европейская
65,37493,смешанная
66,40303,бургеры
67,40303,крафтовое пиво
68,40303,американская
69,40303,закуски
70,33806,европейская
71,33806,итальянская
72,33806,пицца
73,30777,средиземноморская
74,35564,европейская
75,37981,русская
76,37981,украинская
77,42071,стритфуд
78,42071,бургеры
79,39076,крафтовое пиво
80,39076,закуски
81,33195,европейская
82,33195,смешанная
83,33195,суши
84,33195,русская
85,33351,крафтовое пиво
86,35523,европейская
87,35523,крафтовое пиво
88,44669,европейская
89,44669,вегетарианские блюда
90,42263,смешанная
91,42263,европейская
92,42263,бургеры
93,42263,крафтовое пиво
94,46068,смешанная
95,46068,стейки
96,46068,пицца
97,46068,бургеры
98,46068,итальянская
99,46068,азиатская
100,45136,вегетарианская
101,45136,стритфуд
102,45136,шаурма
103,45136,бургеры
104,44209,японская
105,44209,рамен
106,44209,суши
107,42881,русская
108,42881,коктейли
109,38876,европейская
110,30960,европейская
111,37862,европейская
112,37862,крафтовое пиво
113,37862,стейки
114,37862,бургеры
115,44613,азиатская
116,44613,японская
117,46240,европейская
118,46240,смешанная
119,46430,закуски
120,45286,европейская
121,48142,европейская
122,48142,десерты
123,33360,европейская
124,39895,индийская
125,43082,европейская
126,43082,крафтовое пиво
127,38661,европейская
128,38661,бургеры
129,38661,крафтовое пиво
130,38661,вегетарианские блюда
131,47595,европейская
132,47595,десерты
133,46867,европейская
134,46867,десерты
135,46867,русская
136,37886,европейская
137,37886,коктейли
138,47403,мексиканская
139,47403,коктейли
140,30572,грузинская
141,30572,кавказская
142,30572,шаурма
143,39360,европейская
144,39360,коктейли
145,39360,суши
146,45325,европейская
147,45325,смешанная
148,45325,бургеры
149,45325,коктейли
150,45325,закуски
151,41985,коктейли
152,41985,крафтовое пиво
153,41985,американская
154,33577,коктейли
155,33577,закуски
156,42227,европейская
157,42227,закуски
158,40942,европейская
159,40942,стритфуд
160,40942,бургеры
161,42377,смешанная
162,42377,суши
163,42377,пицца
164,30691,европейская
165,30691,крафтовое пиво
166,37126,азиатская
167,37126,китайская
168,37126,рамен
169,39511,сладости
170,42402,европейская
171,42402,смешанная
172,41691,японская
173,30710,коктейли
174,39077,стритфуд
175,39256,сладости
176,43201,азиатская
177,43201,вьетнамская
178,38507,европейская
179,44568,стритфуд
180,44568,шаурма
181,44568,восточная
182,30631,смешанная
183,32795,европейская
184,32795,русская
185,38501,стритфуд
186,38501,бургеры
187,38501,американская
188,30545,японская
189,32869,европейская
190,32869,смешанная
191,32869,суши
192,30629,вегетарианская
193,30629,вегетарианские блюда
194,42299,тайская
195,42299,азиатская
196,39847,европейская
197,39847,грузинская
198,39464,итальянская
199,39464,пицца
200,39464,бургеры
201,42039,европейская
202,42039,пицца
203,44179,тайская
204,44179,азиатская
205,44179,стритфуд
206,30770,греческая
207,37109,европейская
208,37109,крафтовое пиво
209,37109,итальянская
210,47098,коктейли
211,47098,закуски
212,46005,сладости
213,46005,закуски
214,46005,спешелти кофе
215,43204,европейская
216,43204,итальянская
217,43204,смешанная
218,43204,бургеры
219,37661,русская
220,30502,европейская
221,30612,стритфуд
222,30612,стейки
223,30612,бургеры
224,30612,американская
225,42103,азиатская
226,42103,японская
227,42103,смешанная
228,42103,суши
229,42103,пицца
230,46905,десерты
231,46905,закуски
232,31122,американская
233,42985,десерты
234,42985,сладости
235,32728,европейская
236,32728,русская
237,44604,пицца
238,44364,европейская
239,44301,узбекская
240,44301,восточная
241,44301,суши
242,46635,европейская
243,46635,коктейли
244,46635,закуски
245,43531,вегетарианская
246,43531,десерты
247,30711,европейская
248,33990,грузинская
249,36154,русская
250,42580,крафтовое пиво
251,42580,закуски
252,43040,крафтовое пиво
253,43040,закуски
254,43048,европейская
255,43048,бургеры
256,38031,стритфуд
257,38031,американская
258,41723,европейская
259,30709,торты на заказ
260,30709,сладости
261,30528,крафтовое пиво
262,30528,американская
263,46204,японская
264,46204,азиатская
265,46204,закуски
266,32605,европейская
267,32605,кавказская
268,32605,смешанная
269,32605,русская
270,35832,пицца
271,35832,американская
272,31446,американская
273,41444,русская
274,41444,пончики
275,30590,европейская
276,30590,русская
277,30590,торты на заказ
278,30590,десерты
279,39121,европейская
280,39121,суши
281,39121,итальянская
282,39121,японская
283,44864,европейская
284,44864,русская
285,38875,европейская
286,38875,русская
287,37291,европейская
288,37291,пицца
289,45021,европейская
290,46480,европейская
291,46480,немецкая
292,43863,греческая
293,43863,средиземноморская
294,43863,стритфуд
295,46259,смешанная
296,30594,азиатская
297,44695,европейская
298,44695,десерты
299,44695,торты на заказ
300,44695,сладости
301,46241,стритфуд
302,46241,крафтовое пиво
303,42435,китайская
304,42435,азиатская
305,40121,крафтовое пиво
306,40121,закуски
307,38333,японская
308,38333,азиатская
309,38333,крафтовое пиво
310,38333,суши
311,36253,американская
312,30583,грузинская
313,43770,стритфуд
314,43770,мексиканская
315,43770,латиноамериканская
316,46627,азиатская
317,46627,японская
318,46627,рамен
319,46627,суши
320,45379,десерты
321,45319,индийская
322,47181,азиатская
323,47181,корейская
324,47181,стритфуд
325,45652,десерты
326,45652,сладости
327,45677,десерты
328,45677,спешелти кофе
329,45677,сладости
330,45348,кавказская
331,43869,американская
332,44356,европейская
333,44356,итальянская
334,44356,пицца
335,42021,индийская
336,42021,вегетарианские блюда
337,44177,грузинская
338,44177,кавказская
339,41035,грузинская
340,33075,европейская
341,33075,итальянская
342,33075,пицца
343,42114,европейская
344,42114,пицца
345,42114,бургеры
346,35498,европейская
347,35255,европейская
348,35255,стейки
349,39970,европейская
350,39970,узбекская
351,46090,смешанная
352,46090,японская
353,46090,пицца
354,46090,суши
355,46090,вегетарианские блюда
356,43546,закуски
357,46360,европейская
358,46360,русская
359,46360,пицца
360,46547,итальянская
361,46547,европейская
362,46547,пицца
363,44937,азиатская
364,44937,японская
365,44937,рамен
366,46536,итальянская
367,46536,пицца
368,44183,европейская
369,44183,десерты
370,46431,смешанная
371,46431,бургеры
372,46431,пицца
373,46431,шашлыки
374,41710,европейская
375,41710,русская
376,41710,смешанная
377,31101,европейская
378,31101,крафтовое пиво
379,33408,европейская
380,33408,сладости
381,32237,русская
382,32237,европейская
383,46490,европейская
384,30942,авторская
385,30942,коктейли
386,30942,американская
387,34439,европейская
388,34439,русская
389,43234,европейская
390,43234,русская
391,43234,смешанная
392,43234,бургеры
393,43234,стейки
394,43234,крафтовое пиво
395,43234,коктейли
396,43234,американская
397,33896,европейская
398,33896,суши
399,43085,европейская
400,43085,смешанная
401,43085,бургеры
402,43085,пицца
403,43085,суши
404,43085,американская
405,45774,японская
406,45774,азиатская
407,45774,коктейли
408,45774,суши
409,35590,европейская
410,35590,кавказская
411,35590,шашлыки
412,39507,смешанная
413,33526,европейская
414,33526,русская
415,37339,европейская
416,37339,русская
417,30767,европейская
418,30767,коктейли
419,42498,устрицы
420,42498,рыба и морепродукты
421,42498,крабы
422,31998,европейская
423,31998,азербайджанская
424,31998,армянская
425,43794,кавказская
426,43794,европейская
427,43794,шашлыки
428,42753,европейская
429,42753,смешанная
430,42753,кавказская
431,42753,грузинская
432,42753,пицца
433,42753,бургеры
434,42753,американская
435,31774,европейская
436,43736,китайская
437,43736,азиатская
438,44799,европейская
439,42553,европейская
440,42553,грузинская
441,42553,кавказская
442,42553,грузинская
443,42553,вегетарианские блюда
444,35082,европейская
445,40538,европейская
446,47174,европейская
447,30745,грузинская
448,30745,кавказская
449,30745,шашлыки
450,47445,европейская
451,30886,японская
452,30886,суши
453,30886,вегетарианские блюда
454,41877,грузинская
455,42443,европейская
456,42443,американская
457,45825,европейская
458,45825,пицца
459,46052,европейская
460,46052,смешанная
461,46052,вегетарианские блюда
462,43754,европейская
463,43754,средиземноморская
464,43435,латиноамериканская
465,43435,европейская
466,43435,итальянская
467,43435,пицца
468,43435,американская
469,43435,бразильская
470,43435,вегетарианские блюда
471,31452,индийская
472,31452,коктейли
473,31452,стейки
474,31452,шашлыки
475,31452,бургеры
476,31452,американская
477,30489,кавказская
478,30489,грузинская
479,33346,азиатская
480,33346,коктейли
481,33346,суши
482,33346,японская
483,33346,боулы
484,46475,европейская
485,46475,боулы
486,46157,кавказская
487,46157,азербайджанская
488,46157,шашлыки
489,46181,рыба и морепродукты
490,38072,европейская
491,38072,закуски
492,43916,европейская
493,43916,смешанная
494,43916,бургеры
495,43916,пицца
496,43916,крафтовое пиво
497,43916,итальянская
498,30887,европейская
499,30887,английская
500,39207,стритфуд
501,39207,европейская
502,39199,бургеры
503,39199,крафтовое пиво
504,39199,закуски
505,43705,европейская
506,43705,кавказская
507,43705,грузинская
508,43705,шашлыки
509,35681,европейская
510,35681,русская
511,35681,смешанная
512,35681,бургеры
513,35681,коктейли
514,40518,европейская
515,40518,чешская
516,40518,крафтовое пиво
517,44391,европейская
518,44391,бургеры
519,44391,крафтовое пиво
520,44391,итальянская
521,44881,европейская
522,44881,коктейли
523,44881,американская
524,43924,европейская
525,46574,европейская
526,46574,стейки
527,46574,коктейли
528,46574,американская
529,40527,европейская
530,36882,татарская
531,31297,европейская
532,31297,итальянская
533,31297,торты на заказ
534,37782,европейская
535,37782,коктейли
536,44718,кавказская
537,44718,грузинская
538,44044,смешанная
539,44044,суши
540,44044,пицца
541,45146,европейская
542,45146,бургеры
543,45146,стейки
544,45146,итальянская
545,30591,европейская
546,30591,коктейли
547,30591,итальянская
548,46808,авторская
549,46808,европейская
550,46808,средиземноморская
551,46808,азиатская
552,46808,вегетарианская
553,46808,коктейли
554,30552,вегетарианская
555,30552,вегетарианские блюда
556,39356,узбекская
557,39356,европейская
558,42482,европейская
559,42482,итальянская
560,37158,европейская
561,37158,русская
562,37158,сладости
563,41225,итальянская
564,41225,пицца
565,43555,бургеры
566,43555,стейки
567,43555,американская
568,42575,грузинская
569,44862,европейская
570,44862,коктейли
571,42760,европейская
572,42760,русская
573,31270,русская
574,31270,немецкая
575,31270,европейская
576,31054,немецкая
577,31054,европейская
578,31054,русская
579,31054,бургеры
580,31054,стейки
581,31054,американская
582,31054,вегетарианские блюда
583,38423,европейская
584,43476,европейская
585,43476,русская
586,43476,итальянская
587,43476,пицца
588,43476,торты на заказ
589,41993,грузинская
590,35976,европейская
591,35976,смешанная
592,35976,итальянская
593,35976,японская
594,40954,японская
595,40954,рамен
596,41057,европейская
597,41057,пицца
598,41057,итальянская
599,44432,европейская
600,44530,европейская
601,35931,европейская
602,35931,грузинская
603,31165,чешская
604,31165,европейская
605,31165,бургеры
606,31165,крафтовое пиво
607,31165,коктейли
608,31165,английская
609,41021,европейская
610,41021,бургеры
611,41021,азиатская
612,46072,сладости
613,45193,европейская
614,45193,итальянская
615,45193,азиатская
616,45193,бургеры
617,45193,пицца
618,45193,грузинская
619,31709,европейская
620,31709,узбекская
621,31709,ливанская
622,31709,арабская
623,46601,европейская
624,46601,русская
625,46601,шашлыки
626,46601,блины
627,48568,европейская
628,48568,спешелти кофе
629,31324,бургеры
630,31324,коктейли
631,31324,американская
632,44043,японская
633,44043,азиатская
634,44043,рамен
635,31281,украинская
636,31072,европейская
637,31072,коктейли
638,31072,ирландская
639,31072,английская
640,39721,европейская
641,39721,грузинская
642,44947,европейская
643,44947,итальянская
644,48224,итальянская
645,48224,европейская
646,48224,пицца
647,43911,авторская
648,43911,европейская
649,43911,азиатская
650,42421,итальянская
651,42421,европейская
652,43612,итальянская
653,43612,европейская
654,43612,средиземноморская
655,43612,пицца
656,47020,авторская
657,47020,европейская
658,47020,восточная
659,47020,коктейли
660,43798,европейская
661,43798,средиземноморская
662,43798,рыба и морепродукты
663,43798,коктейли
664,43798,крафтовое пиво
665,44776,кавказская
666,44776,грузинская
667,39272,армянская
668,46987,смешанная
669,46987,азиатская
670,46987,европейская
671,46987,американская
672,46195,европейская
673,46195,коктейли
674,46195,пицца
675,46195,бургеры
676,46195,итальянская
677,46195,японская
678,42355,европейская
679,44537,закуски
680,46988,смешанная
681,46988,европейская
682,46988,азиатская
683,46988,американская
684,44882,европейская
685,44882,закуски
686,47929,европейская
687,47929,бургеры
688,47929,американская
689,31460,европейская
690,31460,итальянская
691,31460,сладости
692,41273,закуски
693,45982,европейская
694,43393,европейская
695,43393,средиземноморская
696,43393,итальянская
697,43393,пицца
698,37474,итальянская
699,35676,европейская
700,35676,чешская
701,31180,вегетарианская
702,31180,европейская
703,31180,вегетарианские блюда
704,42374,европейская
705,42374,бургеры
706,33285,европейская
707,33285,кавказская
708,33285,смешанная
709,33285,стейки
710,33285,коктейли
711,33285,шаверма
712,42438,рыба и морепродукты
713,42438,крабы
714,42438,устрицы
715,35679,европейская
716,35679,русская
717,41616,европейская
718,41616,суши
719,33717,европейская
720,33717,японская
721,33717,итальянская
722,33717,азиатская
723,33717,суши
724,33717,пицца
725,36282,европейская
726,36282,итальянская
727,39935,европейская
728,39935,торты на заказ
729,39935,итальянская
730,39935,вегетарианские блюда
731,43468,европейская
732,43468,смешанная
733,43468,бургеры
734,43468,стейки
735,43468,шашлыки
736,43468,американская
737,42782,вегетарианская
738,42782,европейская
739,30506,кавказская
740,30506,грузинская
741,33826,русская
742,33826,блины
743,30982,тайская
744,30982,европейская
745,30982,итальянская
746,30982,смешанная
747,30982,коктейли
748,48066,грузинская
749,48066,кавказская
750,37712,европейская
751,37712,коктейли
752,34929,азербайджанская
753,34929,русская
754,34929,кавказская
755,34929,армянская
756,34929,грузинская
757,42087,европейская
758,42087,итальянская
759,47367,европейская
760,47367,итальянская
761,47367,пицца
762,47367,торты на заказ
763,39657,китайская
764,39657,азиатская
765,45484,азербайджанская
766,45484,кавказская
767,40136,итальянская
768,40136,европейская
769,40136,пицца
770,37675,русская
771,37675,кавказская
772,46576,европейская
773,37939,европейская
774,42061,европейская
775,42061,итальянская
776,42206,европейская
777,42206,кавказская
778,42206,русская
779,31303,грузинская
780,33742,европейская
781,33742,смешанная
782,33742,узбекская
783,33742,кавказская
784,33742,халяльная
785,37875,французская
786,37875,торты на заказ
787,37875,сладости
788,47798,европейская
789,41496,итальянская
790,41496,пицца
791,30774,европейская
792,33039,европейская
793,33039,мексиканская
794,33039,латиноамериканская
795,33039,коктейли
796,33039,бургеры
797,39743,европейская
798,39743,смешанная
799,39743,пицца
800,39743,шашлыки
801,39743,рыба и морепродукты
802,39743,кавказская
803,39892,европейская
804,39892,бургеры
805,39892,пицца
806,39892,десерты
807,39892,коктейли
808,39892,рыба и морепродукты
809,37068,европейская
810,37068,русская
811,37068,грузинская
812,35533,итальянская
813,35533,пицца
814,30738,европейская
815,30738,вегетарианская
816,30738,итальянская
817,44217,европейская
818,35709,израильская
819,35709,украинская
820,35709,грузинская
821,36283,европейская
822,36283,сербская
823,30646,европейская
824,30646,стейки
825,30646,итальянская
826,37004,европейская
827,37004,крафтовое пиво
828,37004,русская
829,31239,стритфуд
830,31239,бургеры
831,31239,американская
832,30891,азиатская
833,30891,японская
834,30891,суши
835,35685,европейская
836,35685,кавказская
837,44242,кавказская
838,44242,европейская
839,44242,шашлыки
840,44242,русская
841,44242,блины
842,45099,сладости
843,31299,американская
844,31299,сладости
845,36118,закуски
846,36118,сладости
847,31035,узбекская
848,46476,кавказская
849,46476,шашлыки
850,30746,итальянская
851,30746,пицца
852,39806,европейская
853,39806,русская
854,39806,кавказская
855,33230,японская
856,33230,авторская
857,33230,суши
858,46190,европейская
859,46190,шашлыки
860,46190,русская
861,38859,европейская
862,38859,крабы
863,38859,рыба и морепродукты
864,38859,устрицы
865,31210,мексиканская
866,31210,европейская
867,31210,смешанная
868,31210,пицца
869,31210,шашлыки
870,31210,итальянская
871,37872,европейская
872,37872,русская
873,31401,европейская
874,31401,крафтовое пиво
875,31401,английская
876,34819,европейская
877,34819,смешанная
878,34819,пицца
879,34819,шашлыки
880,34819,суши
881,34819,итальянская
882,34819,русская
883,31593,русская
884,44092,европейская
885,44092,смешанная
886,41173,европейская
887,41173,смешанная
888,41173,пицца
889,41173,бургеры
890,35752,европейская
891,34658,кавказская
892,34658,грузинская
893,34658,грузинская
894,43244,европейская
895,43244,русская
896,30909,европейская
897,35749,европейская
898,39103,стритфуд
899,39103,бургеры
900,39103,стейки
901,39103,американская
902,43667,закуски
903,35516,европейская
904,35516,смешанная
905,35516,пицца
906,35516,русская
907,36191,европейская
908,36191,русская
909,36226,французская
910,36226,европейская
911,36226,итальянская
912,30618,европейская
913,30618,кавказская
914,30618,грузинская
915,44348,европейская
916,44348,бургеры
917,44348,стейки
918,44348,шашлыки
919,38018,европейская
920,38018,русская
921,42330,европейская
922,42330,авторская
923,42330,устрицы
924,45651,европейская
925,40993,европейская
926,36070,стритфуд
927,36070,восточная
928,30564,французская
929,30564,торты на заказ
930,30564,сладости
931,32340,европейская
932,32340,крафтовое пиво
933,32340,японская
934,46275,европейская
935,46275,азиатская
936,46275,смешанная
937,46275,суши
938,46275,бургеры
939,32742,европейская
940,32742,смешанная
941,32742,пицца
942,32742,стейки
943,32742,рыба и морепродукты
944,32742,американская
945,32742,английская
946,43637,японская
947,43637,суши
948,47695,кавказская
949,47695,грузинская
950,47695,шашлыки
951,31533,европейская
952,31533,русская
953,31533,армянская
954,43425,европейская
955,43425,коктейли
956,41427,европейская
957,41427,итальянская
958,43335,европейская
959,43335,итальянская
960,31061,авторская
961,46765,кавказская
962,46765,грузинская
963,46765,шашлыки
964,45108,кавказская
965,45108,грузинская
966,45291,европейская
967,45291,смешанная
968,45291,пицца
969,43922,европейская
970,43922,смешанная
971,43922,узбекская
972,43922,шашлыки
973,43922,коктейли
974,48185,грузинская
975,48185,кавказская
976,48185,шашлыки
977,42875,европейская
978,42875,русская
979,42875,коктейли
980,42875,шаурма
981,42875,итальянская
982,43127,европейская
983,43127,русская
984,43127,итальянская
985,43127,пицца
986,43127,бургеры
987,43127,боулы
988,34396,европейская
989,34396,кавказская
990,43823,итальянская
991,43823,европейская
992,43823,пицца
993,43823,постное меню
994,48492,европейская
995,34555,европейская
996,43596,европейская
997,43596,русская
998,43596,шашлыки
999,43596,торты на заказ
1000,43596,блины
1001,33565,европейская
1002,33565,русская
1003,42669,европейская
1004,47625,европейская
1005,47697,европейская
1006,47697,азиатская
1007,47697,стейки
1008,47697,бургеры
1009,47697,устрицы
1010,47697,пицца
1011,42795,европейская
1012,42795,русская
1013,42795,шашлыки
1014,32616,европейская
1015,32616,итальянская
1016,32616,французская
1017,32616,пицца
1018,32616,австрийская
1019,44846,европейская
1020,44846,итальянская
1021,44846,рыба и морепродукты
1022,44846,стейки
1023,44846,устрицы
1024,44846,коктейли
1025,44151,европейская
1026,44151,коктейли
1027,44151,итальянская
1028,31957,европейская
1029,31957,русская
1030,31957,блюда из дичи
1031,31957,блины
1032,31957,постное меню
1033,47648,итальянская
1034,47648,средиземноморская
1035,47648,рыба и морепродукты
1036,47648,пицца
1037,47648,десерты
1038,47648,суши
1039,47648,устрицы
1040,47648,азиатская
1041,47708,восточная
1042,47708,узбекская
1043,47708,шашлыки
1044,47708,турецкая
1045,33095,европейская
1046,33095,итальянская
1047,33095,кавказская
1048,33095,стейки
1049,38017,русская
1050,38017,европейская
1051,38017,коктейли
1052,44847,европейская
1053,45166,кавказская
1054,45166,европейская
1055,45166,смешанная
1056,45166,грузинская
1057,45166,шашлыки
1058,45166,русская
1059,47834,европейская
1060,47834,русская
1061,47834,коктейли
1062,38506,европейская
1063,38506,русская
1064,38506,крафтовое пиво
1065,38506,устрицы
1066,38506,бургеры
1067,38506,рыба и морепродукты
1068,38506,стейки
1069,38506,русская
1070,44940,европейская
1071,44940,рыба и морепродукты
1072,43887,европейская
1073,43887,итальянская
1074,43887,пицца
1075,45603,грузинская
1076,45603,кавказская
1077,45603,шашлыки
1078,48163,европейская
1079,48163,итальянская
1080,48163,пицца
1081,48163,коктейли
1082,47497,рыба и морепродукты
1083,46991,европейская
1084,46991,коктейли
1085,43982,европейская
1086,43982,стейки
1087,43982,крафтовое пиво
1088,43982,авторская
1089,37753,европейская
1090,37753,смешанная
1091,37753,крафтовое пиво
1092,37753,русская
1093,36168,европейская
1094,36168,итальянская
1095,36168,русская
1096,41970,азиатская
1097,41970,суши
1098,41970,коктейли
1099,41970,японская
1100,42214,смешанная
1101,42214,европейская
1102,42214,коктейли
1103,42214,суши
1104,42382,европейская
1105,42382,итальянская
1106,42382,смешанная
1107,42382,пицца
1108,32467,европейская
1109,32467,русская
1110,42221,восточная
1111,42221,азиатская
1112,42221,бурятская
1113,32376,китайская
1114,32376,азиатская
1115,32376,коктейли
1116,40479,китайская
1117,40479,азиатская
1118,33517,европейская
1119,33517,русская
1120,42365,европейская
1121,42365,смешанная
1122,42365,суши
1123,30530,европейская
1124,30530,средиземноморская
1125,30530,итальянская
1126,35473,европейская
1127,35473,итальянская
1128,30952,смешанная
1129,30952,вегетарианские блюда
1130,38803,европейская
1131,38803,русская
1132,33584,европейская
1133,33584,коктейли
1134,33584,английская
1135,36074,европейская
1136,36074,немецкая
1137,30527,европейская
1138,30527,авторская
1139,35616,европейская
1140,35616,бельгийская
1141,35616,стейки
1142,31568,белорусская
1143,30648,коктейли
1144,30648,английская
1145,30648,ирландская
1146,31207,европейская
1147,31207,грузинская
1148,35893,европейская
1149,38871,русская
1150,38871,смешанная
1151,38871,европейская
1152,33246,корейская
1153,33246,азиатская
1154,33081,смешанная
1155,37972,израильская
1156,37972,стритфуд
1157,37972,средиземноморская
1158,33841,русская
1159,31092,европейская
1160,31092,коктейли
1161,31092,итальянская
1162,33786,азиатская
1163,33786,европейская
1164,33786,смешанная
1165,33786,китайская
1166,33786,суши
1167,33786,пицца
1168,33786,японская
1169,31900,европейская
1170,31900,русская
1171,33845,европейская
1172,33845,итальянская
1173,33845,японская
1174,35990,русская
1175,35990,европейская
1176,35990,вегетарианские блюда
1177,33971,европейская
1178,33971,крафтовое пиво
1179,33971,американская
1180,31044,европейская
1181,31044,французская
1182,32224,европейская
1183,32224,русская
1184,41693,европейская
1185,41693,итальянская
1186,41693,пицца
1187,33365,грузинская
1188,33365,кавказская
1189,42178,грузинская
1190,42433,европейская
1191,31033,европейская
1192,31033,смешанная
1193,31033,коктейли
1194,31033,крафтовое пиво
1195,31033,пицца
1196,31033,стейки
1197,31033,русская
1198,34056,европейская
1199,34056,итальянская
1200,34056,суши
1201,34056,пицца
1202,34056,суши
1203,31758,европейская
1204,31758,японская
1205,31758,американская
1206,42127,европейская
1207,42127,итальянская
1208,42127,пицца
1209,32985,кавказская
1210,39486,европейская
1211,39486,пицца
1212,39486,бургеры
1213,39486,американская
1214,46750,индийская
1215,46750,азиатская
1216,46750,вегетарианские блюда
1217,41966,европейская
1218,41966,коктейли
1219,31532,итальянская
1220,31532,пицца
1221,46790,европейская
1222,46790,десерты
1223,46790,спешелти кофе
1224,31743,японская
1225,31743,суши
1226,31000,европейская
1227,37498,итальянская
1228,40997,европейская
1229,40997,стритфуд
1230,40997,крафтовое пиво
1231,40997,бургеры
1232,40997,коктейли
1233,40997,американская
1234,43688,закуски
1235,31353,европейская
1236,31353,пицца
1237,31353,итальянская
1238,40064,европейская
1239,41719,европейская
1240,41719,американская
1241,31420,европейская
1242,31420,грузинская
1243,38716,кавказская
1244,38716,европейская
1245,40298,европейская
1246,40298,американская
1247,45383,рыба и морепродукты
1248,32696,европейская
1249,32696,азиатская
1250,32696,суши
1251,32696,пицца
1252,32696,японская
1253,33623,европейская
1254,33623,русская
1255,30675,европейская
1256,30675,русская
1257,30675,итальянская
1258,42455,бургеры
1259,42455,американская
1260,42455,вегетарианские блюда
1261,44404,грузинская
1262,44404,кавказская
1263,44404,европейская
1264,44404,шашлыки
1265,31406,европейская
1266,31406,итальянская
1267,31406,пицца
1268,46708,восточная
1269,46708,узбекская
1270,46708,шашлыки
1271,31301,европейская
1272,31301,ливанская
1273,36723,европейская
1274,42180,европейская
1275,42180,смешанная
1276,42180,суши
1277,42180,крафтовое пиво
1278,42180,американская
1279,30529,европейская
1280,30529,торты на заказ
1281,30529,сладости
1282,36889,европейская
1283,41927,европейская
1284,41927,авторская
1285,31662,азербайджанская
1286,31662,кавказская
1287,41475,европейская
1288,34338,европейская
1289,34338,армянская
1290,34338,пицца
1291,31020,европейская
1292,31020,ирландская
1293,37108,азиатская
1294,37108,японская
1295,37108,китайская
1296,37108,вьетнамская
1297,37108,суши
1298,38826,азербайджанская
1299,38826,восточная
1300,38826,турецкая
1301,41405,итальянская
1302,41405,пицца
1303,41405,бургеры
1304,31051,европейская
1305,31051,бельгийская
1306,32456,европейская
1307,32456,русская
1308,41694,европейская
1309,41694,смешанная
1310,41694,пицца
1311,41694,итальянская
1312,41694,кавказская
1313,41618,европейская
1314,31727,итальянская
1315,47354,латиноамериканская
1316,47354,мексиканская
1317,47354,испанская
1318,47354,коктейли
1319,47354,вегетарианские блюда
1320,30558,европейская
1321,30558,русская
1322,34193,европейская
1323,34193,крафтовое пиво
1324,34193,японская
1325,31279,европейская
1326,31279,коктейли
1327,31279,пицца
1328,31279,шотландская
1329,31279,английская
1330,31052,мексиканская
1331,31052,латиноамериканская
1332,31052,коктейли
1333,31052,кубинская
1334,31653,европейская
1335,31653,русская
1336,36091,европейская
1337,36091,японская
1338,35786,европейская
1339,35786,грузинская
1340,42957,русская
1341,42957,мексиканская
1342,42957,латиноамериканская
1343,42957,крафтовое пиво
1344,42957,американская
1345,42329,смешанная
1346,42329,европейская
1347,34047,европейская
1348,34047,итальянская
1349,35438,европейская
1350,35438,русская
1351,35438,кавказская
1352,35438,грузинская
1353,35438,узбекская
1354,35438,шашлыки
1355,30712,вьетнамская
1356,43015,азербайджанская
1357,43015,кавказская
1358,43015,шашлыки
1359,41812,европейская
1360,41812,коктейли
1361,41812,суши
1362,41812,пицца
1363,41812,итальянская
1364,30835,европейская
1365,30835,грузинская
1366,32580,европейская
1367,41090,европейская
1368,41090,смешанная
1369,30532,европейская
1370,30532,итальянская
1371,30532,пицца
1372,37676,европейская
1373,37676,стейки
1374,37676,крабы
1375,37676,устрицы
1376,37676,бургеры
1377,37676,американская
1378,37082,европейская
1379,37082,десерты
1380,38842,русская
1381,38842,европейская
1382,38842,коктейли
1383,41206,европейская
1384,41206,кавказская
1385,31312,европейская
1386,42378,европейская
1387,42378,смешанная
1388,42378,бургеры
1389,42378,пицца
1390,33981,смешанная
1391,31454,средиземноморская
1392,31454,французская
1393,30622,европейская
1394,30622,стейки
1395,30622,американская
1396,30622,ирландская
1397,30622,английская
1398,39894,кавказская
1399,39894,европейская
1400,31491,европейская
1401,31491,английская
1402,42204,европейская
1403,42204,смешанная
1404,42204,крафтовое пиво
1405,42204,английская
1406,42204,американская
1407,44936,европейская
1408,44936,кавказская
1409,44936,смешанная
1410,44936,коктейли
1411,41493,европейская
1412,41493,смешанная
1413,41493,кавказская
1414,41493,русская
1415,35336,европейская
1416,35336,русская
1417,34722,японская
1418,34722,суши
1419,35501,европейская
1420,35501,коктейли
1421,32669,европейская
1422,34017,европейская
1423,34017,суши
1424,34017,итальянская
1425,42335,европейская
1426,42335,смешанная
1427,42335,суши
1428,42335,азиатская
1429,42335,русская
1430,42335,японская
1431,37750,чешская
1432,37750,европейская
1433,37750,крафтовое пиво
1434,31127,восточная
1435,42364,европейская
1436,42364,смешанная
1437,30776,европейская
1438,30776,стейки
1439,35232,европейская
1440,35232,итальянская
1441,35232,пицца
1442,43493,стритфуд
1443,43493,смешанная
1444,43493,коктейли
1445,43493,американская
1446,30673,итальянская
1447,30673,пицца
1448,30881,европейская
1449,42101,европейская
1450,42101,стейки
1451,42101,коктейли
1452,32149,грузинская
1453,41308,европейская
1454,41308,грузинская
1455,41308,смешанная
1456,34049,европейская
1457,34049,японская
1458,34049,закуски
1459,46784,закуски
1460,36201,европейская
1461,36201,кавказская
1462,32820,европейская
1463,32820,восточная
1464,32820,японская
1465,33606,итальянская
1466,33606,европейская
1467,33606,коктейли
1468,33606,пицца
1469,34847,европейская
1470,34847,грузинская
1471,34512,европейская
1472,34512,русская
1473,42102,европейская
1474,42102,крафтовое пиво
1475,37614,европейская
1476,37614,грузинская
1477,35277,европейская
1478,35277,русская
1479,35277,японская
1480,39389,закуски
1481,39465,европейская
1482,39465,бургеры
1483,39465,стейки
1484,39465,шашлыки
1485,39465,русская
1486,30775,мексиканская
1487,30775,европейская
1488,30775,латиноамериканская
1489,30775,коктейли
1490,35278,вегетарианская
1491,35278,вегетарианские блюда
1492,37919,стейки
1493,37919,американская
1494,31695,европейская
1495,31695,русская
1496,30940,европейская
1497,30940,тайская
1498,30940,коктейли
1499,30940,японская
1500,36122,чешская
1501,31057,европейская
1502,31057,тайская
1503,31057,коктейли
1504,38455,закуски
1505,39163,крафтовое пиво
1506,39163,бургеры
1507,39163,стейки
1508,39163,американская
1509,39163,закуски
1510,41145,европейская
1511,41145,смешанная
1512,41145,американская
1513,31600,европейская
1514,31600,азербайджанская
1515,31600,смешанная
1516,41735,европейская
1517,41735,смешанная
1518,41735,суши
1519,41735,пицца
1520,41735,русская
1521,35953,европейская
1522,35953,суши
1523,37081,европейская
1524,37081,смешанная
1525,37081,русская
1526,37081,японская
1527,37081,кавказская
1528,32172,европейская
1529,34031,итальянская
1530,34031,стейки
1531,35120,немецкая
1532,43650,бельгийская
1533,43650,европейская
1534,43650,закуски
1535,40228,русская
1536,30657,итальянская
1537,38785,смешанная
1538,38785,европейская
1539,30880,китайская
1540,30880,азиатская
1541,30768,европейская
1542,30768,коктейли
1543,30768,стейки
1544,30768,ирландская
1545,30768,английская
1546,30634,армянская
1547,30634,грузинская
1548,30634,кавказская
1549,32768,европейская
1550,32768,коктейли
1551,30550,европейская
1552,40376,русская
1553,31497,европейская
1554,40223,грузинская
1555,37883,европейская
1556,37883,стейки
1557,43303,вегетарианская
1558,42627,грузинская
1559,42627,кавказская
1560,32538,европейская
1561,32538,армянская
1562,30544,вьетнамская
1563,30544,азиатская
1564,42357,европейская
1565,31388,европейская
1566,31388,стейки
1567,31388,русская
1568,33959,европейская
1569,33959,кавказская
1570,33959,русская
1571,33959,смешанная
1572,33959,блины
1573,41601,европейская
1574,41601,стейки
1575,41601,крафтовое пиво
1576,41601,американская
1577,38270,европейская
1578,38270,американская
1579,31254,французская
1580,31482,европейская
1581,31482,кавказская
1582,31482,русская
1583,41851,средиземноморская
1584,41851,итальянская
1585,41851,крафтовое пиво
1586,41851,устрицы
1587,41851,бургеры
1588,41851,рыба и морепродукты
1589,41851,постное меню
1590,34635,европейская
1591,34635,итальянская
1592,30547,европейская
1593,32561,азербайджанская
1594,32561,грузинская
1595,37873,грузинская
1596,30833,средиземноморская
1597,30833,стейки
1598,30833,сербская
1599,39557,европейская
1600,39557,итальянская
1601,39557,смешанная
1602,39557,суши
1603,39557,пицца
1604,39557,торты на заказ
1605,39557,азиатская
1606,39557,кавказская
1607,39557,блины
1608,44682,грузинская
1609,44419,русская
1610,31478,европейская
1611,31478,русская
1612,43158,европейская
1613,43158,стейки
1614,43158,торты на заказ
1615,43158,десерты
1616,44971,европейская
1617,44971,итальянская
1618,44971,пицца
1619,37690,европейская
1620,33979,европейская
1621,39739,азиатская
1622,37891,европейская
1623,37891,русская
1624,38855,азербайджанская
1625,38855,восточная
1626,39438,европейская
1627,39438,грузинская
1628,38538,европейская
1629,38538,американская
1630,30573,европейская
1631,30573,крафтовое пиво
1632,40984,европейская
1633,40984,чешская
1634,31145,европейская
1635,31145,коктейли
1636,31145,пицца
1637,31145,стейки
1638,31278,японская
1639,31278,суши
1640,30802,европейская
1641,43049,европейская
1642,43049,итальянская
1643,43049,русская
1644,43049,бельгийская
1645,43049,авторская
1646,43049,коктейли
1647,43423,европейская
1648,43423,десерты
1649,43423,вегетарианские блюда
1650,35611,европейская
1651,35611,итальянская
1652,35611,суши
1653,35611,пицца
1654,41610,европейская
1655,41610,американская
1656,31719,европейская
1657,31719,русская
1658,31509,европейская
1659,31509,пицца
1660,33940,китайская
1661,33940,азиатская
1662,33716,европейская
1663,33716,азербайджанская
1664,33716,суши
1665,33716,кавказская
1666,31525,европейская
1667,31525,восточная
1668,35083,русская
1669,37020,европейская
1670,44240,европейская
1671,44240,итальянская
1672,44240,пицца
1673,42314,японская
1674,42314,азиатская
1675,39429,американская
1676,44083,азиатская
1677,44083,японская
1678,44083,рамен
1679,40231,европейская
1680,40231,итальянская
1681,40637,бургеры
1682,40637,крафтовое пиво
1683,40637,стейки
1684,40637,американская
1685,41810,итальянская
1686,41810,европейская
1687,42707,азиатская
1688,42707,европейская
1689,42707,пицца
1690,42707,суши
1691,42707,крафтовое пиво
1692,42707,японская
1693,43030,европейская
1694,43030,американская
1695,42809,закуски
1696,46129,европейская
1697,46129,итальянская
1698,46129,вегетарианские блюда
1699,31163,японская
1700,31163,суши
1701,43547,европейская
1702,43547,коктейли
1703,32195,итальянская
1704,32195,пицца
1705,31875,европейская
1706,31875,суши
1707,31875,пицца
1708,31875,японская
1709,31875,итальянская
1710,31875,азиатская
1711,32506,европейская
1712,32506,смешанная
1713,32506,суши
1714,34155,европейская
1715,34155,пицца
1716,34155,суши
1717,34155,вегетарианские блюда
1718,41755,японская
1719,41755,азиатская
1720,41755,суши
1721,44135,азиатская
1722,44135,китайская
1723,45564,кавказская
1724,42764,итальянская
1725,42764,европейская
1726,42764,авторская
1727,42764,суши
1728,42764,пицца
1729,42764,стейки
1730,42764,бургеры
1731,31620,мексиканская
1732,31620,коктейли
1733,31620,американская
1734,34429,средиземноморская
1735,34429,авторская
1736,34429,пицца
1737,44659,европейская
1738,44659,коктейли
1739,30488,европейская
1740,30488,коктейли
1741,30488,бургеры
1742,30488,американская
1743,40532,европейская
1744,40532,смешанная
1745,40532,итальянская
1746,40532,азиатская
1747,33939,европейская
1748,33939,пицца
1749,33939,коктейли
1750,33939,стейки
1751,39497,европейская
1752,39497,стейки
1753,39497,бургеры
1754,39497,крафтовое пиво
1755,36907,европейская
1756,31895,грузинская
1757,33812,азербайджанская
1758,33812,армянская
1759,33812,грузинская
1760,32617,европейская
1761,32617,кавказская
1762,33712,европейская
1763,33712,итальянская
1764,33712,японская
1765,41688,европейская
1766,41688,смешанная
1767,41688,пицца
1768,41688,русская
1769,41688,японская
1770,35812,стритфуд
1771,35812,европейская
1772,34207,бельгийская
1773,34207,европейская
1774,34207,крафтовое пиво
1775,31535,европейская
1776,31535,азербайджанская
1777,31535,кавказская
1778,33227,европейская
1779,33227,пицца
1780,33227,суши
1781,36097,европейская
1782,36097,кавказская
1783,36097,коктейли
1784,31319,европейская
1785,42895,европейская
1786,42895,десерты
1787,34015,европейская
1788,34015,азербайджанская
1789,31289,европейская
1790,31289,кавказская
1791,39809,итальянская
1792,39809,европейская
1793,39809,смешанная
1794,34082,коктейли
1795,34082,американская
1796,31013,европейская
1797,31013,итальянская
1798,34210,европейская
1799,34210,итальянская
1800,34210,пицца
1801,31560,европейская
1802,40983,авторская
1803,40983,русская
1804,40983,коктейли
1805,40983,крафтовое пиво
1806,31732,европейская
1807,30980,мексиканская
1808,30980,европейская
1809,30980,коктейли
1810,39304,европейская
1811,39304,смешанная
1812,39304,восточная
1813,39304,японская
1814,40159,европейская
1815,40159,суши
1816,41965,европейская
1817,41965,смешанная
1818,41965,коктейли
1819,41965,пицца
1820,41965,суши
1821,42022,восточная
1822,42022,европейская
1823,42022,смешанная
1824,42022,турецкая
1825,35683,европейская
1826,38169,авторская
1827,38169,крафтовое пиво
1828,30523,европейская
1829,30523,авторская
1830,30523,итальянская
1831,30523,пицца
1832,46108,европейская
1833,46108,стейки
1834,46108,бургеры
1835,46108,крафтовое пиво
1836,46108,коктейли
1837,46108,английская
1838,46108,постное меню
1839,46571,итальянская
1840,46571,пицца
1841,30829,европейская
1842,30829,английская
1843,30829,ирландская
1844,31021,европейская
1845,31021,средиземноморская
1846,42883,европейская
1847,31024,европейская
1848,31024,итальянская
1849,31024,смешанная
1850,31024,пицца
1851,31024,суши
1852,31133,узбекская
1853,31133,грузинская
1854,30509,европейская
1855,30509,коктейли
1856,30676,китайская
1857,30676,азиатская
1858,30676,коктейли
1859,30498,греческая
1860,37730,мексиканская
1861,37730,латиноамериканская
1862,31194,узбекская
1863,31194,грузинская
1864,30606,европейская
1865,30606,русская
1866,40917,кавказская
1867,40917,европейская
1868,40917,смешанная
1869,40917,бургеры
1870,40917,шашлыки
1871,40917,итальянская
1872,30496,восточная
1873,30496,сербская
1874,34935,русская
1875,34935,блюда из дичи
1876,31436,европейская
1877,31436,итальянская
1878,31436,смешанная
1879,31436,пицца
1880,31436,рыба и морепродукты
1881,31436,суши
1882,31436,торты на заказ
1883,31436,грузинская
1884,42243,итальянская
1885,42243,европейская
1886,31671,коктейли
1887,37569,средиземноморская
1888,37569,итальянская
1889,31307,европейская
1890,31307,русская
1891,31307,стейки
1892,31112,американская
1893,30682,европейская
1894,30682,стейки
1895,30682,торты на заказ
1896,31236,мексиканская
1897,31236,американская
1898,34530,европейская
1899,34530,итальянская
1900,34530,пицца
1901,34530,десерты
1902,34530,устрицы
1903,34609,европейская
1904,34609,суши
1905,34609,пицца
1906,34609,японская
1907,31060,авторская
1908,31060,русская
1909,35103,европейская
1910,35103,итальянская
1911,35103,суши
1912,35103,пицца
1913,35103,стейки
1914,31078,грузинская
1915,31078,русская
1916,31078,коктейли
1917,39322,европейская
1918,30487,испанская
1919,30487,стейки
1920,41260,авторская
1921,31552,итальянская
1922,31552,европейская
1923,30632,европейская
1924,30632,коктейли
1925,30632,стейки
1926,30632,английская
1927,30632,ирландская
1928,30596,европейская
1929,30596,авторская
1930,30596,русская
1931,30596,блюда из дичи
1932,30596,стейки
1933,30751,европейская
1934,30751,итальянская
1935,30751,пицца
1936,30751,стейки
1937,30647,европейская
1938,30647,рыба и морепродукты
1939,30647,крабы
1940,30515,японская
1941,30515,суши
1942,47031,азиатская
1943,47031,суши
1944,47031,японская
1945,30934,итальянская
1946,30934,пицца
1947,30934,стейки
1948,32170,кавказская
1949,31841,европейская
1950,31841,итальянская
1951,31841,пицца
1952,31841,вегетарианские блюда
1953,30599,европейская
1954,30599,стейки
1955,30599,американская
1956,37750,европейская
1957,37750,чешская
1958,37750,крафтовое пиво
1959,30953,средиземноморская
1960,30953,итальянская
1961,46723,европейская
1962,46723,русская
1963,46723,русская
1964,33043,европейская
1965,33640,европейская
1966,33640,коктейли
1967,33640,английская
1968,33640,постное меню
1969,31305,европейская
1970,31305,коктейли
1971,31305,пицца
1972,31305,итальянская
1973,31649,мексиканская
1974,31649,смешанная
1975,31649,латиноамериканская
1976,31649,европейская
1977,31649,коктейли
1978,31649,бургеры
1979,31649,пицца
1980,33247,европейская
1981,33247,пицца
1982,32614,итальянская
1983,32614,пицца
1984,38721,итальянская
1985,38721,пицца
1986,38721,суши
1987,38721,японская
1988,30667,корейская
1989,32267,европейская
1990,32267,пицца
1991,30765,европейская
1992,30765,смешанная
1993,31243,кавказская
1994,31243,грузинская
1995,33989,европейская
1996,38950,рыба и морепродукты
1997,31672,азиатская
1998,31672,авторская
1999,31672,суши
2000,31672,японская
2001,31046,авторская
2002,31046,итальянская
2003,30661,европейская
2004,30661,коктейли
2005,30661,стейки
2006,30661,пицца
2007,33630,европейская
2008,33630,итальянская
2009,30609,чешская
2010,30609,европейская
2011,30492,русская
2012,30492,блюда из дичи
2013,30492,торты на заказ
2014,32099,европейская
2015,32099,немецкая
2016,35853,европейская
2017,35853,итальянская
2018,35853,стейки
2019,35853,американская
2020,37239,европейская
2021,37239,итальянская
2022,37239,японская
2023,33112,европейская
2024,33112,грузинская
2025,41931,средиземноморская
2026,41931,рыба и морепродукты
2027,41931,суши
2028,41931,устрицы
2029,41931,вегетарианские блюда
2030,34778,русская
2031,32421,смешанная
2032,31126,европейская
2033,31126,азербайджанская
2034,31126,русская
2035,31355,европейская
2036,31355,рыба и морепродукты
2037,31355,крабы
2038,31355,суши
2039,31355,азиатская
2040,42135,европейская
2041,42135,авторская
2042,42135,скандинавская
2043,42135,торты на заказ
2044,46389,европейская
2045,46389,итальянская
2046,31166,итальянская
2047,35693,европейская
2048,35693,крафтовое пиво
2049,35693,ирландская
2050,31879,европейская
2051,31879,грузинская
2052,31879,суши
2053,37591,средиземноморская
2054,37591,русская
2055,37591,французская
2056,34956,европейская
2057,34051,японская
2058,34051,суши
2059,30860,европейская
2060,30860,итальянская
2061,30860,средиземноморская
2062,30860,пицца
2063,30860,устрицы
2064,33939,европейская
2065,33939,коктейли
2066,33939,пицца
2067,33939,стейки
2068,30935,стейки
2069,30935,коктейли
2070,30935,английская
2071,31493,европейская
2072,31493,кавказская
2073,31493,грузинская
2074,32274,армянская
2075,39954,итальянская
2076,39954,европейская
2077,44701,смешанная
2078,44701,греческая
2079,44701,европейская
2080,44701,рыба и морепродукты
2081,37607,европейская
2082,37607,русская
2083,37143,европейская
2084,31611,мексиканская
2085,31611,латиноамериканская
2086,31611,коктейли
2087,38476,грузинская
2088,38476,кавказская
2089,45278,рыба и морепродукты
2090,45278,суши
2091,45278,азиатская
2092,38750,рыба и морепродукты
2093,34909,мексиканская
2094,34909,латиноамериканская
2095,34909,коктейли
2096,34909,стейки
2097,34909,кубинская
2098,34909,бразильская
2099,43051,европейская
2100,43051,итальянская
2101,43051,стейки
2102,43051,бургеры
2103,43051,суши
2104,43051,коктейли
2105,43051,американская
2106,40771,европейская
2107,40771,крафтовое пиво
2108,40771,рыба и морепродукты
2109,31341,европейская
2110,31341,немецкая
2111,41889,средиземноморская
2112,41889,европейская
2113,43470,европейская
2114,43470,итальянская
2115,43470,средиземноморская
2116,43470,русская
2117,43470,пицца
2118,43470,стейки
2119,43470,бургеры
2120,43470,рыба и морепродукты
2121,43470,американская
2122,38679,европейская
2123,44205,европейская
2124,44205,средиземноморская
2125,44205,пицца
2126,44205,рыба и морепродукты
2127,44205,крабы
2128,44205,устрицы
2129,31823,европейская
2130,31823,русская
2131,31033,смешанная
2132,31033,европейская
2133,31033,коктейли
2134,31033,крафтовое пиво
2135,31033,стейки
2136,31033,пицца
2137,31033,русская
2138,46509,русская
2139,46509,французская
2140,31968,европейская
2141,31968,грузинская
2142,48612,европейская
2143,48612,итальянская
2144,48612,азиатская
2145,48612,японская
2146,48612,пицца
2147,48612,суши
2148,47690,европейская
2149,47690,пицца
2150,47690,итальянская
2151,33297,европейская
2152,33297,кавказская
2153,47408,европейская
2154,47408,средиземноморская
2155,47408,итальянская
2156,47408,пицца
2157,48310,коктейли
2158,42004,закуски
2159,31648,европейская
2160,31648,узбекская
2161,31648,японская
2162,41843,европейская
2163,41843,авторская
2164,41843,рыба и морепродукты
2165,41843,блины
2166,32198,европейская
2167,31948,европейская
2168,31948,восточная
2169,31948,русская
2170,41031,европейская
2171,41031,русская
2172,41031,десерты
2173,31179,европейская
2174,31179,смешанная
2175,31179,авторская
2176,31179,стейки
2177,30687,азиатская
2178,30687,корейская
2179,30687,суши
2180,30687,японская
2181,41081,европейская
2182,41081,итальянская
2183,35627,итальянская
2184,38132,рыба и морепродукты
2185,38132,крабы
2186,44566,бургеры
2187,44566,стейки
2188,44566,американская
2189,36791,итальянская
2190,36791,японская
2191,36791,восточная
2192,36791,европейская
2193,36791,азиатская
2194,36791,суши
2195,36791,пицца
2196,42042,европейская
2197,42042,испанская
2198,42042,рыба и морепродукты
2199,30883,тайская
2200,33019,грузинская
2201,33019,европейская
2202,32907,европейская
2203,32907,русская
2204,32907,стейки
2205,47146,европейская
2206,47146,десерты
2207,47146,коктейли
2208,47146,вегетарианские блюда
2209,47146,спешелти кофе
2210,44038,итальянская
2211,44038,пицца
2212,44038,стейки
2213,33429,европейская
2214,33429,итальянская
2215,33429,пицца
2216,30970,грузинская
2217,30970,кавказская
2218,30970,сладости
2219,31130,грузинская
2220,46888,европейская
2221,46888,русская
2222,46888,кавказская
2223,44666,европейская
2224,47198,авторская
2225,47198,коктейли
2226,46352,европейская
2227,46352,итальянская
2228,46352,пицца
2229,47995,европейская
2230,47995,азиатская
2231,47995,итальянская
2232,44115,авторская
2233,44115,бельгийская
2234,44115,европейская
2235,44115,стейки
2236,44115,крафтовое пиво
2237,31440,европейская
2238,31440,бельгийская
2239,31440,бургеры
2240,44672,европейская
2241,30947,мексиканская
2242,30947,латиноамериканская
2243,30947,коктейли
2244,30947,кубинская
2245,31012,средиземноморская
2246,31012,европейская
2247,31012,итальянская
2248,31012,пицца
2249,31012,стейки
2250,47072,авторская
2251,47072,коктейли
2252,47072,стейки
2253,47072,крафтовое пиво
2254,47072,халяльная
2255,42309,бельгийская
2256,42309,европейская
2257,46494,европейская
2258,42652,смешанная
2259,42652,стейки
2260,42652,рыба и морепродукты
2261,42652,устрицы
2262,47005,европейская
2263,47005,средиземноморская
2264,47005,рыба и морепродукты
2265,47005,устрицы
2266,47005,коктейли
2267,47005,постное меню
2268,30568,израильская
2269,30568,стритфуд
2270,30984,европейская
2271,30984,коктейли
2272,30984,итальянская
2273,31577,европейская
2274,31577,авторская
2275,31577,стейки
2276,46680,европейская
2277,46680,коктейли
2278,46680,суши
2279,46335,европейская
2280,46335,рыба и морепродукты
2281,43666,европейская
2282,44868,европейская
2283,30651,европейская
2284,30651,авторская
2285,30651,стейки
2286,42733,смешанная
2287,42733,европейская
2288,42733,стейки
2289,42733,бургеры
2290,42733,американская
2291,38735,стейки
2292,38735,итальянская
2293,38735,французская
2294,39881,авторская
2295,39881,европейская
2296,39341,европейская
2297,39341,азиатская
2298,43286,европейская
2299,43286,стейки
2300,30955,европейская
2301,30816,европейская
2302,30816,коктейли
2303,43359,кавказская
2304,43359,грузинская
2305,43359,европейская
2306,43359,смешанная
2307,43359,русская
2308,43359,итальянская
2309,43359,пицца
2310,48578,азиатская
2311,30538,израильская
2312,45639,европейская
2313,45639,крафтовое пиво
2314,45639,бургеры
2315,42410,европейская
2316,42410,русская
2317,42410,блюда из дичи
2318,42410,торты на заказ
2319,42410,авторская
2320,43797,средиземноморская
2321,43797,смешанная
2322,43797,рыба и морепродукты
2323,43797,суши
2324,43797,азиатская
2325,44007,европейская
2326,44007,американская
2327,46489,европейская
2328,37762,европейская
2329,37762,суши
2330,37762,коктейли
2331,47774,грузинская
2332,47774,кавказская
2333,47774,авторская
2334,32847,европейская
2335,32847,итальянская
2336,34318,смешанная
2337,40878,европейская
2338,40878,средиземноморская
2339,40878,рыба и морепродукты
2340,40878,итальянская
2341,40878,французская
2342,30499,грузинская
2343,30499,кавказская
2344,46361,европейская
2345,46361,крафтовое пиво
2346,46361,американская
2347,46361,постное меню
2348,37687,европейская
2349,37687,смешанная
2350,37687,русская
2351,37687,стейки
2352,30873,японская
2353,30873,суши
2354,37729,европейская
2355,37729,русская
2356,43288,кавказская
2357,43288,рыба и морепродукты
2358,31583,европейская
2359,31583,итальянская
2360,32472,европейская
2361,32472,русская
2362,35898,восточная
2363,35898,европейская
2364,35898,шашлыки
2365,35898,стейки
2366,35898,крабы
2367,35898,кавказская
2368,31199,европейская
2369,31199,русская
2370,36130,европейская
2371,33327,европейская
2372,33327,итальянская
2373,33327,смешанная
2374,33327,японская
2375,33327,азиатская
2376,33621,средиземноморская
2377,33621,итальянская
2378,30684,азербайджанская
2379,30684,кавказская
2380,30736,итальянская
2381,30736,пицца
2382,30736,устрицы
2383,45555,азиатская
2384,45555,суши
2385,36739,европейская
2386,46973,европейская
2387,44845,европейская
2388,44845,итальянская
2389,44845,пицца
2390,35754,европейская
2391,35754,торты на заказ
2392,35754,русская
2393,35754,американская
2394,30846,русская
2395,33391,европейская
2396,37484,европейская
2397,37484,пицца
2398,37484,итальянская
2399,41878,европейская
2400,41878,коктейли
2401,41878,итальянская
2402,30490,грузинская
2403,30490,кавказская
2404,41902,европейская
2405,41902,средиземноморская
2406,41902,авторская
2407,30670,кавказская
2408,31873,европейская
2409,31873,итальянская
2410,40937,европейская
2411,40937,закуски
2412,30524,европейская
2413,30524,итальянская
2414,30524,пицца
2415,47468,русская
2416,47468,европейская
2417,47468,блины
2418,45187,европейская
2419,45187,стейки
2420,45187,американская
2421,31140,европейская
2422,31140,азиатская
2423,31140,смешанная
2424,45179,итальянская
2425,45179,европейская
2426,45179,пицца
2427,47300,смешанная
2428,37760,европейская
2429,37760,суши
2430,45191,крафтовое пиво
2431,45191,закуски
2432,46643,европейская
2433,46643,суши
2434,46643,японская
2435,40518,чешская
2436,40518,европейская
2437,40518,крафтовое пиво
2438,30800,европейская
2439,30800,авторская
2440,30800,коктейли
2441,30800,стейки
2442,42603,авторская
2443,42603,итальянская
2444,42603,русская
2445,42603,европейская
2446,42603,рыба и морепродукты
2447,42603,коктейли
2448,30983,европейская
2449,30983,грузинская
2450,30983,коктейли
2451,30983,итальянская
2452,44718,кавказская
2453,44718,грузинская
2454,44675,европейская
2455,47495,азиатская
2456,47495,американская
2457,48422,европейская
2458,48422,грузинская
2459,48422,кавказская
2460,37296,европейская
2461,37296,итальянская
2462,37296,смешанная
2463,37296,пицца
2464,37296,бургеры
2465,37296,американская
2466,37296,азиатская
2467,43548,рыба и морепродукты
2468,37779,европейская
2469,37779,коктейли
2470,37779,итальянская
2471,46555,европейская
2472,46555,итальянская
2473,34173,европейская
2474,34173,стейки
2475,34173,рыба и морепродукты
2476,34173,американская
2477,40820,азиатская
2478,40820,китайская
2479,46718,европейская
2480,46718,кавказская
2481,46718,смешанная
2482,46718,шашлыки
2483,46718,постное меню
2484,47235,мексиканская
2485,47235,авторская
2486,47235,латиноамериканская
2487,47235,коктейли
2488,48346,средиземноморская
2489,48346,европейская
2490,44866,европейская
2491,44866,десерты
2492,46478,смешанная
2493,46478,коктейли
2494,44611,европейская
2495,44611,итальянская
2496,44611,устрицы
2497,44611,десерты
2498,40123,авторская
2499,40123,европейская
2500,40123,стейки
2501,40123,рыба и морепродукты
2502,47334,европейская
2503,47334,рыба и морепродукты
2504,47334,коктейли
2505,48509,итальянская
2506,48509,европейская
2507,48509,средиземноморская
2508,48509,коктейли
2509,41190,европейская
2510,41190,кавказская
2511,41190,грузинская
2512,31172,европейская
2513,46436,европейская
2514,31164,итальянская
2515,31164,пицца
2516,31503,европейская
2517,31503,итальянская
2518,31503,кавказская
2519,31503,грузинская
2520,31503,абхазская
2521,48559,европейская
2522,48559,коктейли
2523,44041,закуски
2524,46368,европейская
2525,46368,смешанная
2526,46368,коктейли
2527,41070,европейская
2528,41070,смешанная
2529,41070,суши
2530,41070,постное меню
2531,47870,европейская
2532,47870,итальянская
2533,47870,кавказская
2534,47870,грузинская
2535,47870,азиатская
2536,47870,пицца
2537,46212,смешанная
2538,46212,пицца
2539,46212,коктейли
2540,46212,закуски
2541,47637,японская
2542,47637,азиатская
2543,47637,суши
2544,47637,устрицы
2545,47637,рыба и морепродукты
2546,46775,европейская
2547,46775,смешанная
2548,46775,стейки
2549,46775,устрицы
2550,46775,коктейли
2551,46775,русская
2552,46775,японская
2553,46775,постное меню
2554,43140,европейская
2555,43140,итальянская
2556,43140,рыба и морепродукты
2557,43140,пицца
2558,43140,стейки
2559,41585,европейская
2560,41585,русская
2561,41585,кавказская
2562,41585,армянская
2563,46762,кавказская
2564,46762,европейская
2565,46762,шашлыки
2566,46762,халяльная
2567,45597,смешанная
2568,45597,европейская
2569,45597,средиземноморская
2570,45597,итальянская
2571,45597,рыба и морепродукты
2572,45597,устрицы
2573,48164,средиземноморская
2574,48164,европейская
2575,48164,итальянская
2576,48164,пицца
2577,48164,коктейли
2578,47479,азиатская
2579,47479,коктейли
2580,47479,суши
2581,48488,европейская
2582,48488,коктейли
2583,31011,кавказская
2584,31011,грузинская
2585,30601,французская
2586,30601,европейская
2587,46488,европейская
2588,40076,русская
2589,40076,грузинская
2590,40076,вегетарианские блюда
2591,46197,европейская
2592,46197,итальянская
2593,43847,немецкая
2594,43847,европейская
2595,43847,стейки
2596,43847,крафтовое пиво
2597,30836,европейская
2598,30836,русская
2599,30836,торты на заказ
2600,38166,вегетарианская
2601,38166,индийская
2602,37885,европейская
2603,37885,английская
2604,40417,европейская
2605,40417,стейки
2606,40417,пицца
2607,40417,бургеры
2608,40417,русская
2609,30784,европейская
2610,30784,русская
2611,43257,европейская
2612,43257,коктейли
2613,31655,итальянская
2614,31655,европейская
2615,31655,пицца
2616,31655,коктейли
2617,33784,русская
2618,33784,украинская
2619,43559,европейская
2620,43559,пицца
2621,43559,американская
2622,31019,европейская
2623,31418,итальянская
2624,31418,пицца
2625,38111,европейская
2626,38111,авторская
2627,43562,европейская
2628,46539,европейская
2629,31561,европейская
2630,31561,узбекская
2631,31561,восточная
2632,31007,итальянская
2633,31007,пицца
2634,31007,стейки
2635,37667,европейская
2636,39139,рыба и морепродукты
2637,30658,европейская
2638,30658,стейки
2639,30658,американская
2640,30817,европейская
2641,30817,сладости
2642,33435,европейская
2643,33435,итальянская
2644,46461,итальянская
2645,46461,европейская
2646,46461,пицца
2647,34653,европейская
2648,34653,восточная
2649,34653,суши
2650,34653,стейки
2651,34653,итальянская
2652,34653,японская
2653,31612,итальянская
2654,31612,пицца
2655,40889,смешанная
2656,40889,коктейли
2657,40889,стейки
2658,40889,американская
2659,40889,итальянская
2660,47306,европейская
2661,47306,русская
2662,47306,рыба и морепродукты
2663,47306,итальянская
2664,47044,европейская
2665,47044,рыба и морепродукты
2666,47044,устрицы
2667,47044,крабы
2668,47044,коктейли
2669,47328,европейская
2670,47328,итальянская
2671,47328,пицца
2672,37890,стейки
2673,37890,бургеры
2674,37890,американская
2675,46827,смешанная
2676,46827,европейская
2677,46827,грузинская
2678,46827,кавказская
2679,46827,постное меню
2680,48045,европейская
2681,48045,стейки
2682,48045,бургеры
2683,48045,американская
2684,46810,смешанная
2685,46810,европейская
2686,46810,бургеры
2687,46810,стейки
2688,46810,пицца
2689,46810,американская
2690,30613,средиземноморская
2691,30613,европейская
2692,30613,коктейли
2693,44813,латиноамериканская
2694,44813,испанская
2695,44813,смешанная
2696,47011,смешанная
2697,47011,европейская
2698,47011,азиатская
2699,47011,японская
2700,47011,пицца
2701,47011,бургеры
2702,47011,коктейли
2703,47011,американская
2704,45092,европейская
2705,45092,коктейли
2706,45092,рыба и морепродукты
2707,30628,кавказская
2708,30628,грузинская
2709,30628,шашлыки
2710,30518,авторская
2711,30518,скандинавская
2712,30518,русская
2713,46949,европейская
2714,46949,устрицы
2715,46949,постное меню
2716,41343,средиземноморская
2717,41343,европейская
2718,41343,рыба и морепродукты
2719,41343,устрицы
2720,43153,европейская
2721,43153,восточная
2722,43153,стейки
2723,44660,смешанная
2724,44660,европейская
2725,44660,суши
2726,44660,японская
2727,37036,европейская
2728,37036,стритфуд
2729,37036,бургеры
2730,40319,авторская
2731,40319,европейская
2732,40319,крафтовое пиво
2733,40319,коктейли
2734,31609,европейская
2735,31609,смешанная
2736,31609,крабы
2737,31609,японская
2738,37728,европейская
2739,37728,азиатская
2740,37728,коктейли
2741,37728,суши
2742,37728,рыба и морепродукты
2743,37728,японская
2744,31729,азиатская
2745,31729,европейская
2746,31729,суши
2747,31729,рыба и морепродукты
2748,31729,японская
2749,31360,итальянская
2750,31360,пицца
2751,31360,стейки
2752,31690,европейская
2753,31690,японская
2754,31690,устрицы
2755,31690,крабы
2756,31690,украинская
2757,30931,азиатская
2758,30931,китайская
2759,31100,средиземноморская
2760,31100,авторская
2761,31100,устрицы
2762,31100,рыба и морепродукты
2763,31100,коктейли
2764,30717,итальянская
2765,30717,коктейли
2766,30717,пицца
2767,30866,европейская
2768,30866,азербайджанская
2769,30866,восточная
2770,30866,кавказская
2771,30866,русская
2772,30866,постное меню
2773,40901,русская
2774,40901,смешанная
2775,40901,кавказская
2776,40901,рыба и морепродукты
2777,40901,шашлыки
2778,33037,смешанная
2779,33037,европейская
2780,33037,итальянская
2781,33037,стейки
2782,33037,суши
2783,41975,европейская
2784,41975,смешанная
2785,41975,суши
2786,41975,коктейли
2787,31244,русская
2788,31444,стейки
2789,31444,американская
2790,31444,вегетарианские блюда
2791,30703,украинская
2792,30703,русская
2793,30969,европейская
2794,30969,стейки
2795,30969,блюда из дичи
2796,30822,средиземноморская
2797,30822,итальянская
2798,30822,пицца
2799,31097,европейская
2800,31097,стейки
2801,35150,русская
2802,31272,восточная
2803,31272,крабы
2804,31272,русская
2805,41028,русская
2806,41028,блюда из дичи
2807,41028,рыба и морепродукты
2808,41028,десерты
2809,31715,французская
2810,31715,коктейли
2811,34381,европейская
2812,34381,русская
2813,41605,авторская
2814,41605,крафтовое пиво
2815,41605,рыба и морепродукты
2816,30696,европейская
2817,30696,французская
2818,30696,устрицы
2819,30696,крабы
2820,37563,европейская
2821,37563,азиатская
2822,31203,авторская
2823,31203,устрицы
2824,31203,крабы
2825,41024,европейская
2826,41024,пицца
2827,41024,итальянская
2828,30549,русская
2829,41069,кавказская
2830,41069,восточная
2831,41069,европейская
2832,31034,восточная
2833,30517,европейская
2834,30517,итальянская
2835,30517,пицца
2836,30517,суши
2837,30517,японская
2838,30501,средиземноморская
2839,30501,авторская
2840,30501,коктейли
2841,31059,латиноамериканская
2842,31059,стейки
2843,31059,аргентинская
2844,31059,американская
2845,31464,европейская
2846,31464,русская
2847,31464,коктейли
2848,31464,японская
2849,30729,европейская
2850,30729,азербайджанская
2851,30729,коктейли
2852,30729,японская
2853,37824,европейская
2854,37824,русская
2855,46218,европейская
2856,46218,итальянская
2857,46218,бургеры
2858,35100,европейская
2859,35100,русская
2860,31293,русская
2861,31293,блюда из дичи
2862,31176,итальянская
2863,31176,европейская
2864,31176,устрицы
2865,31176,крабы
2866,31160,рыба и морепродукты
2867,31160,устрицы
2868,31160,крабы
2869,40927,европейская
2870,40927,рыба и морепродукты
2871,40927,суши
2872,37471,итальянская
2873,47732,скандинавская
2874,47732,европейская
2875,47732,авторская
2876,47732,коктейли
2877,47732,норвежская
2878,30730,средиземноморская
2879,30730,рыба и морепродукты
2880,30730,стейки
2881,30730,итальянская
2882,34426,китайская
2883,34426,азиатская
2884,34426,рыба и морепродукты
2885,34426,вегетарианские блюда
2886,31430,суши
2887,37795,европейская
2888,37795,суши
2889,31508,европейская
2890,31508,русская
2891,37688,средиземноморская
2892,37688,рыба и морепродукты
2893,37688,устрицы
2894,37688,крабы
2895,47904,азиатская
2896,47904,японская
2897,47904,суши
2898,36132,азиатская
2899,36132,японская
2900,36132,суши
2901,38316,средиземноморская
2902,38316,рыба и морепродукты
2903,31259,азиатская
2904,31259,узбекская
2905,30743,средиземноморская
2906,30743,рыба и морепродукты
2907,30743,устрицы
2908,30743,крабы
2909,39896,европейская
2910,39896,русская
2911,30571,европейская
2912,30571,рыба и морепродукты
2913,45402,азиатская
2914,45402,европейская
2915,45402,японская
2916,45402,пицца
2917,45402,бургеры
2918,30747,средиземноморская
2919,30747,рыба и морепродукты
2920,30747,устрицы
2921,30747,крабы
2922,31193,европейская
2923,31193,средиземноморская
2924,31193,итальянская
2925,31595,европейская
2926,31595,итальянская
2927,31595,японская
2928,47369,европейская
2929,47369,итальянская
2930,47369,французская
2931,47369,средиземноморская
2932,41750,итальянская
2933,41750,пицца
2934,41750,рыба и морепродукты
2935,38670,европейская
2936,38670,смешанная
2937,38670,русская
2938,31441,японская
2939,31441,суши
2940,31441,устрицы
2941,31441,крабы
2942,31441,азиатская
2943,44857,европейская
2944,44857,авторская
2945,41835,европейская
2946,41835,азиатская
2947,41835,китайская
2948,41835,рыба и морепродукты
2949,41835,крабы
2950,41835,устрицы
2951,46678,итальянская
2952,36473,европейская
2953,39870,европейская
2954,39870,смешанная
2955,47053,европейская
2956,41822,азиатская
2957,41822,десерты
2958,41822,суши
2959,41822,торты на заказ
2960,41822,японская
2961,41113,европейская
2962,41113,русская
2963,34755,европейская
2964,34755,средиземноморская
2965,34755,мексиканская
2966,34755,русская
2967,34755,латиноамериканская
2968,34755,смешанная
2969,47432,европейская
2970,47432,итальянская
2971,47432,пицца
2972,47432,рыба и морепродукты
2973,47432,стейки
2974,34217,европейская
2975,34217,русская
2976,37616,европейская
2977,37616,узбекская
2978,35131,русская
2979,35131,европейская
2980,35131,рыба и морепродукты
2981,35131,торты на заказ
2982,35131,стейки
2983,35131,украинская
2984,35131,авторская
2985,47418,европейская
2986,47418,рыба и морепродукты
2987,47418,крабы
2988,47418,крафтовое пиво
2989,46290,европейская
2990,46290,итальянская
2991,46290,коктейли
2992,36916,европейская
2993,36916,стейки
2994,36916,американская
2995,36916,постное меню
2996,41676,русская
2997,41676,авторская
2998,41676,рыба и морепродукты
2999,41676,блины
3000,41676,постное меню
3001,40898,авторская
3002,40898,европейская
3003,40898,рыба и морепродукты
3004,30898,смешанная
3005,30898,крабы
3006,42610,средиземноморская
3007,42610,рыба и морепродукты
3008,42610,постное меню
3009,31315,европейская
3010,31315,русская
3011,31315,итальянская
3012,40924,авторская
3013,40924,русская
3014,40924,европейская
3015,40924,стейки
3016,46906,европейская
3017,46906,итальянская
3018,31252,итальянская
3019,31252,пицца
3020,40086,европейская
3021,40086,суши
3022,40086,бургеры
3023,40523,европейская
3024,40523,итальянская
3025,40523,пицца
3026,40523,коктейли
3027,31178,итальянская
3028,31178,европейская
3029,31178,смешанная
3030,31178,устрицы
3031,31178,крабы
3032,31178,авторская
3033,31077,смешанная
3034,31077,коктейли
3035,46710,европейская
3036,46710,итальянская
3037,46710,средиземноморская
3038,46710,рыба и морепродукты
3039,46710,устрицы
3040,46710,постное меню
3041,32478,европейская
3042,32478,итальянская
3043,32478,японская
3044,30862,азербайджанская
3045,30862,узбекская
3046,30862,арабская
3047,30862,азиатская
3048,30862,вегетарианские блюда
3049,30567,европейская
3050,30567,японская
3051,38282,европейская
3052,38282,смешанная
3053,38282,устрицы
3054,38282,крабы
3055,30512,русская
3056,30792,европейская
3057,30792,русская
3058,30792,стейки
3059,30792,американская
3060,43819,европейская
3061,43819,русская
3062,37871,азиатская
3063,37871,японская
3064,37871,суши
3065,32883,русская
3066,32883,европейская
3067,32883,коктейли
3068,47607,восточная
3069,47607,азербайджанская
3070,47607,шашлыки
3071,31055,русская
3072,31055,блюда из дичи
3073,31055,крабы
3074,37674,скандинавская
3075,37674,русская
3076,37674,европейская
3077,45646,рыба и морепродукты
3078,45646,блюда из дичи
3079,45646,устрицы
3080,31327,смешанная
3081,31327,азиатская
3082,31327,европейская
3083,31327,средиземноморская
3084,31327,рыба и морепродукты
3085,31327,итальянская
3086,43283,европейская
3087,43283,блюда из дичи
3088,43283,коктейли
3089,43283,постное меню
3090,37764,смешанная
3091,37764,коктейли
3092,38722,авторская
3093,38722,русская
3094,46956,десерты
3095,46956,коктейли
3096,46956,закуски
3097,35985,европейская
3098,35985,суши
3099,35985,японская
3100,40302,европейская
3101,40302,десерты
3102,40302,итальянская
3103,42151,европейская
3104,42151,смешанная
3105,42151,суши
3106,42151,бургеры
3107,42151,азиатская
3108,42151,американская
3109,45237,авторская
3110,45237,европейская
3111,45237,смешанная
3112,35908,европейская
3113,35908,средиземноморская
3114,35908,крабы
3115,35908,устрицы
3116,35908,итальянская
3117,35908,авторская
3118,43827,европейская
3119,43827,средиземноморская
3120,43827,рыба и морепродукты
3121,46663,европейская
3122,44902,восточная
3123,44902,стейки
3124,44902,турецкая
3125,45110,европейская
3126,45110,стейки
3127,45110,рыба и морепродукты
3128,47015,европейская
3129,47015,авторская
3130,47015,коктейли
3131,47015,вегетарианские блюда
3132,46869,авторская
3133,46869,европейская
3134,46869,постное меню
3135,42337,европейская
3136,42337,смешанная
3137,42337,суши
3138,42337,авторская
3139,47202,европейская
3140,47202,рыба и морепродукты
3141,47202,устрицы
3142,47202,пицца
3143,47202,коктейли
3144,31369,русская
3145,31369,французская
3146,31369,крабы
3147,44683,восточная
3148,44683,смешанная
3149,44683,шашлыки
3150,41397,европейская
3151,41397,русская
3152,41397,смешанная
3153,41397,кавказская
3154,41872,европейская
3155,41872,смешанная
3156,41872,суши
3157,30939,итальянская
3158,30513,европейская
3159,30513,стейки
3160,30513,американская
3161,33743,европейская
3162,33743,азиатская
3163,33743,средиземноморская
3164,33743,смешанная
3165,33743,рыба и морепродукты
3166,33743,суши
3167,33743,рыба и морепродукты
3168,41738,европейская
3169,41738,авторская
3170,41738,рыба и морепродукты
3171,41738,десерты
3172,41738,устрицы
3173,41738,крабы
3174,35104,азиатская
3175,35104,китайская
3176,35104,суши
3177,30778,европейская
3178,30778,итальянская
3179,30778,пицца
3180,30778,авторская
3181,37788,европейская
3182,37788,суши
3183,37788,русская
3184,37788,японская
3185,47456,европейская
3186,33999,европейская
3187,33999,французская
3188,46363,европейская
3189,46363,коктейли
3190,46363,итальянская
3191,31269,скандинавская
3192,31269,русская
3193,31269,блюда из дичи
3194,36203,европейская
3195,36203,русская
3196,46754,европейская
3197,45673,европейская
3198,45673,стейки
3199,45673,бургеры
3200,45673,американская
3201,39940,русская
3202,39940,авторская
3203,39940,постное меню
3204,43384,восточная
3205,43384,стейки
3206,43384,коктейли
3207,43384,постное меню
3208,47379,средиземноморская
3209,47379,рыба и морепродукты
3210,47379,устрицы
3211,30708,европейская
3212,30708,смешанная
3213,30708,итальянская
3214,30708,итальянская
3215,31264,смешанная
3216,31264,азиатская
3217,31264,китайская
3218,31264,японская
3219,31264,рыба и морепродукты
3220,31264,суши
3221,31264,вегетарианские блюда
3222,46862,европейская
3223,46862,азиатская
3224,46862,авторская
3225,46862,устрицы
3226,46862,коктейли
3227,46862,рыба и морепродукты
3228,44661,европейская
3229,44661,коктейли
3230,39269,средиземноморская
3231,39269,авторская
3232,39269,рыба и морепродукты
3233,39269,крабы
3234,39269,торты на заказ
3235,39269,постное меню
3236,31260,авторская
3237,31260,русская
3238,41606,авторская
3239,41606,европейская
3240,41606,рыба и морепродукты
3241,41606,устрицы
3242,41606,крабы
3243,41606,постное меню
3244,44542,европейская
3245,44542,стейки
3246,44542,рыба и морепродукты
3247,44542,коктейли
3248,44542,постное меню
3249,31546,грузинская
3250,31546,кавказская
3251,48064,авторская
3252,40519,грузинская
3253,40519,кавказская
3254,41681,итальянская
3255,41681,средиземноморская
3256,41681,европейская
3257,41681,пицца
3258,41681,устрицы
3259,31331,европейская
3260,31331,авторская
3261,31331,средиземноморская
3262,31331,устрицы
3263,31331,рыба и морепродукты
3264,31331,итальянская
3265,30741,кавказская
3266,30741,армянская
3267,30741,европейская
3268,35666,европейская
3269,35666,средиземноморская
3270,35666,итальянская
3271,35666,рыба и морепродукты
3272,35666,устрицы
3273,31200,русская
3274,31200,постное меню
3275,38508,средиземноморская
3276,38508,рыба и морепродукты
3277,44869,европейская
3278,44869,стейки
3279,44869,рыба и морепродукты
3280,44939,авторская
3281,44939,европейская
3282,44939,итальянская
3283,37884,азиатская
3284,37884,европейская
3285,37884,рыба и морепродукты
3286,37884,суши
3287,37884,пицца
3288,37884,японская
3289,44996,европейская
3290,44996,азиатская
3291,44996,рыба и морепродукты
3292,44996,суши
3293,42793,европейская
3294,30508,европейская
3295,30508,коктейли
3296,30508,суши
3297,30508,японская
3298,30918,испанская
3299,30918,смешанная
3300,30918,итальянская
3301,30539,европейская
3302,30539,итальянская
3303,30539,рыба и морепродукты
3304,30539,устрицы
3305,38880,европейская
3306,30715,авторская
3307,31171,европейская
3308,31171,русская
3309,31171,восточная
3310,30769,японская
3311,30769,суши
3312,43098,средиземноморская
3313,43098,европейская
3314,43098,рыба и морепродукты
3315,43098,коктейли
3316,41050,смешанная
3317,41050,европейская
3318,41050,русская
3319,33849,европейская
3320,33849,смешанная
3321,33849,русская
3322,33849,кавказская
3323,30677,японская
3324,30677,суши
3325,30677,стейки
3326,40772,европейская
3327,40772,авторская
3328,40772,русская
3329,30990,средиземноморская
3330,30990,рыба и морепродукты
3331,30990,коктейли
3332,39741,европейская
3333,39741,смешанная
3334,30653,итальянская
3335,37572,европейская
3336,37572,авторская
3337,37572,русская
3338,37572,итальянская
3339,42775,европейская
3340,42775,русская
3341,30707,смешанная
3342,30707,итальянская
3343,30707,европейская
3344,30707,японская
3345,30707,суши
3346,37069,европейская
3347,37069,итальянская
3348,37069,пицца
3349,38925,русская
3350,38925,вегетарианские блюда
3351,31181,рыба и морепродукты
3352,31181,устрицы
3353,31181,крабы
3354,31181,итальянская
3355,44854,европейская
3356,44854,авторская
3357,44854,рыба и морепродукты
3358,31103,средиземноморская
3359,31103,европейская
3360,31103,итальянская
3361,31103,коктейли
3362,31103,устрицы
3363,30535,смешанная
3364,30535,азиатская
3365,30535,европейская
3366,42826,средиземноморская
3367,42826,рыба и морепродукты
3368,42826,японская
3369,30943,итальянская
3370,30943,европейская
3371,30943,рыба и морепродукты
3372,30943,устрицы
3373,30943,крабы
3374,31113,европейская
3375,31113,авторская
3376,31113,вегетарианские блюда
3377,33863,европейская
3378,33863,стейки
3379,33863,бургеры
3380,33863,американская
3381,33863,турецкая
3382,33863,постное меню
3383,35055,смешанная
3384,35055,европейская
3385,35055,русская
3386,31242,европейская
3387,31242,смешанная
3388,31242,суши
3389,42493,итальянская
3390,42493,европейская
3391,42493,средиземноморская
3392,42493,рыба и морепродукты
3393,42493,устрицы
3394,42493,крабы
3395,42493,постное меню
3396,31017,азиатская
3397,31017,устрицы
3398,31017,суши
3399,31017,рыба и морепродукты
3400,31017,постное меню
3401,39893,итальянская
3402,39893,средиземноморская
3403,39893,авторская
3404,39893,европейская
3405,46379,европейская
3406,46379,смешанная
